BEGIN;

SET search_path TO siatkowka;

DROP TABLE statystyki;
DROP TABLE punktujace;
DROP TABLE mecze;
DROP TABLE siatkarki;
DROP TABLE druzyny;

CREATE TABLE druzyny (
  iddruzyny VARCHAR(5) PRIMARY KEY,
  nazwa VARCHAR(40) NOT NULL,
  miasto VARCHAR(30) NOT NULL
);

CREATE TABLE siatkarki (
  numer SMALLINT NOT NULL,
  iddruzyny VARCHAR(5) NOT NULL REFERENCES druzyny,
  imie VARCHAR(12) NOT NULL,
  nazwisko VARCHAR(30) NOT NULL,
  pozycja VARCHAR(12) NOT NULL,
  PRIMARY KEY (numer, iddruzyny)
);

CREATE TABLE mecze (
  idmeczu SMALLINT PRIMARY KEY,
  gospodarze VARCHAR(5) NOT NULL REFERENCES druzyny,
  goscie VARCHAR(5) NOT NULL REFERENCES druzyny,
  termin DATE NOT NULL
);

CREATE TABLE statystyki (
  idmeczu SMALLINT PRIMARY KEY REFERENCES mecze,
  gospodarze SMALLINT[],
  goscie SMALLINT[]
);

CREATE TABLE punktujace (
  numer SMALLINT NOT NULL,
  iddruzyny VARCHAR(5) NOT NULL REFERENCES druzyny,
  idmeczu SMALLINT NOT NULL REFERENCES mecze,
  punkty SMALLINT NOT NULL,
  PRIMARY KEY (numer, iddruzyny, idmeczu),
  FOREIGN KEY (numer, iddruzyny) REFERENCES siatkarki
);


INSERT INTO druzyny values('alubb', 'BKS Aluprof', 'Bielsko-Biała');
INSERT INTO druzyny values('musz', 'Bank BPS Muszynianka Fakro', 'Muszyna');
INSERT INTO druzyny values('pila', 'PTPS Piła', 'Piła');
INSERT INTO druzyny values('azsbi', 'Pronar Zeto Astwa AZS', 'Białystok');
INSERT INTO druzyny values('stal', 'KPSK Stal', 'Mielec');
INSERT INTO druzyny values('organ', 'Organika Budowlani', 'Łódź');
INSERT INTO druzyny values('gward', 'IMPEL Gwardia', 'Wrocław');
INSERT INTO druzyny values('mksdg', 'ENION Energia MKS', 'Dąbrowa Górnicza');
INSERT INTO druzyny values('gedan', 'Gedania', 'Żukowo');
INSERT INTO druzyny values('bydg', 'GCB Centrostal', 'Bydgoszcz');


INSERT INTO siatkarki values(1, 'musz', 'Izabela', 'Bełcik', 'rozgrywająca');
INSERT INTO siatkarki values(2, 'musz', 'Mariola', 'Zenik', 'libero');
INSERT INTO siatkarki values(3, 'musz', 'Anna', 'Witczak', 'przyjmująca');
INSERT INTO siatkarki values(4, 'musz', 'Dorota', 'Pykosz', 'środkowa');
INSERT INTO siatkarki values(5, 'musz', 'Elżbieta', 'Skowrońska', 'przyjmująca');
INSERT INTO siatkarki values(6, 'musz', 'Agnieszka', 'Bednarek-Kasza', 'środkowa');
INSERT INTO siatkarki values(7, 'musz', 'Marta', 'Solipiwko', 'atakująca');
INSERT INTO siatkarki values(9, 'musz', 'Agnieszka', 'Śrutowska', 'rozgrywająca');
INSERT INTO siatkarki values(10, 'musz', 'Joanna', 'Mirek', 'przyjmująca');
INSERT INTO siatkarki values(11, 'musz', 'Sylwia', 'Pycia', 'środkowa');
INSERT INTO siatkarki values(12, 'musz', 'Izabela', 'Żebrowska', 'atakująca');
INSERT INTO siatkarki values(16, 'musz', 'Aleksandra', 'Jagieło', 'przyjmująca');
INSERT INTO siatkarki values(1, 'alubb', 'Anna', 'Barańska', 'przyjmująca');
INSERT INTO siatkarki values(2, 'alubb', 'Eleonora', 'Dziękiewicz', 'środkowa');
INSERT INTO siatkarki values(3, 'alubb', 'Karolina', 'Ciaszkiewicz', 'przyjmująca');
INSERT INTO siatkarki values(4, 'alubb', 'Mariola', 'Wojtowicz', 'libero');
INSERT INTO siatkarki values(5, 'alubb', 'Helena', 'Horka', 'przyjmująca');
INSERT INTO siatkarki values(6, 'alubb', 'Iwona', 'Waligóra', 'przyjmująca');
INSERT INTO siatkarki values(7, 'alubb', 'Berenika', 'Okuniewska', 'środkowa');
INSERT INTO siatkarki values(8, 'alubb', 'Katarzyna', 'Skorupa', 'rozgrywająca');
INSERT INTO siatkarki values(9, 'alubb', 'Agata', 'Sawicka', 'środkowa');
INSERT INTO siatkarki values(10, 'alubb', 'Jolanta', 'Studzienna', 'środkowa');
INSERT INTO siatkarki values(11, 'alubb', 'Anna', 'Kaczmar', 'rozgrywająca');
INSERT INTO siatkarki values(12, 'alubb', 'Natalia', 'Bamber', 'atakująca');
INSERT INTO siatkarki values(13, 'alubb', 'Dorota', 'Świeniewicz', 'przyjmująca');
INSERT INTO siatkarki values(15, 'alubb', 'Paulina', 'Dereń', 'przyjmująca');
INSERT INTO siatkarki values(18, 'alubb', 'Magdalena', 'Pytel', 'środkowa');
INSERT INTO siatkarki values(1, 'mksdg', 'Agata', 'Pura', 'atakująca');
INSERT INTO siatkarki values(2, 'mksdg', 'Marzena', 'Wilczyńska', 'przyjmująca');
INSERT INTO siatkarki values(3, 'mksdg', 'Aleksandra', 'Liniarska', 'środkowa');
INSERT INTO siatkarki values(5, 'mksdg', 'Magdalena', 'Sadowska', 'atakująca');
INSERT INTO siatkarki values(6, 'mksdg', 'Joanna', 'Szczurek', 'przyjmująca');
INSERT INTO siatkarki values(7, 'mksdg', 'Katarzyna', 'Walawender', 'przyjmująca');
INSERT INTO siatkarki values(8, 'mksdg', 'Ewelina', 'Sieczka', 'przyjmująca');
INSERT INTO siatkarki values(9, 'mksdg', 'Małgorzata', 'Lis', 'środkowa');
INSERT INTO siatkarki values(10, 'mksdg', 'Krystyna', 'Strasz', 'libero');
INSERT INTO siatkarki values(11, 'mksdg', 'Magdalena', 'Śliwa', 'rozgrywająca');
INSERT INTO siatkarki values(12, 'mksdg', 'Marta', 'Haładyn', 'rozgrywająca');
INSERT INTO siatkarki values(13, 'mksdg', 'Katarzyna', 'Gajgał', 'środkowa');
INSERT INTO siatkarki values(1, 'bydg', 'Dominika', 'Kuczyńska', 'środkowa');
INSERT INTO siatkarki values(2, 'bydg', 'Ewa', 'Kowalkowska', 'atakująca');
INSERT INTO siatkarki values(3, 'bydg', 'Katarzyna', 'Mróz', 'środkowa');
INSERT INTO siatkarki values(4, 'bydg', 'Kinga', 'Zielińska', 'przyjmująca');
INSERT INTO siatkarki values(5, 'bydg', 'Patrycja', 'Polak', 'przyjmująca');
INSERT INTO siatkarki values(6, 'bydg', 'Alicja', 'Leszczyńska', 'rozgrywająca');
INSERT INTO siatkarki values(7, 'bydg', 'Dominika', 'Nowakowska', 'przyjmująca');
INSERT INTO siatkarki values(8, 'bydg', 'Agata', 'Skiba', 'przyjmująca');
INSERT INTO siatkarki values(9, 'bydg', 'Izabela', 'Kasprzyk', 'atakująca');
INSERT INTO siatkarki values(10, 'bydg', 'Joanna', 'Kuligowska', 'przyjmująca');
INSERT INTO siatkarki values(11, 'bydg', 'Katarzyna', 'Wysocka', 'libero');
INSERT INTO siatkarki values(12, 'bydg', 'Sylwia', 'Pelc', 'środkowa');
INSERT INTO siatkarki values(13, 'bydg', 'Monika', 'Smak', 'rozgrywająca');
INSERT INTO siatkarki values(14, 'bydg', 'Savochina', 'Yana', 'rozgrywająca');
INSERT INTO siatkarki values(1, 'gedan', 'Justyna', 'Sachmacińska', 'przyjmująca');
INSERT INTO siatkarki values(2, 'gedan', 'Martyna', 'Szynkowska', 'rozgrywająca');
INSERT INTO siatkarki values(3, 'gedan', 'Małgorzata', 'Łysiak', 'środkowa');
INSERT INTO siatkarki values(4, 'gedan', 'Natalia', 'Kurnikowska', 'przyjmująca');
INSERT INTO siatkarki values(5, 'gedan', 'Małgorzata', 'Lizińczyk', 'atakująca');
INSERT INTO siatkarki values(6, 'gedan', 'Żaneta', 'Rzepnikowska', 'libero');
INSERT INTO siatkarki values(7, 'gedan', 'Justyna', 'Łukasik', 'środkowa');
INSERT INTO siatkarki values(8, 'gedan', 'Aleksandra', 'Pasznik', 'rozgrywająca');
INSERT INTO siatkarki values(9, 'gedan', 'Aleksandra', 'Szymańska', 'środkowa');
INSERT INTO siatkarki values(10, 'gedan', 'Paula', 'Liedtke', 'przyjmująca');
INSERT INTO siatkarki values(11, 'gedan', 'Paulina', 'Szpak', 'rozgrywająca');
INSERT INTO siatkarki values(12, 'gedan', 'Joanna', 'Kocemba', 'przyjmująca');
INSERT INTO siatkarki values(13, 'gedan', 'Daria', 'Bąkowska', 'libero');
INSERT INTO siatkarki values(14, 'gedan', 'Małgorzata', 'Plebanek', 'przyjmująca');
INSERT INTO siatkarki values(15, 'gedan', 'Małgorzata', 'Jeromin', 'rozgrywająca');
INSERT INTO siatkarki values(16, 'gedan', 'Zuzanna', 'Łapin', 'rozgrywająca');
INSERT INTO siatkarki values(17, 'gedan', 'Anna', 'Łozowska', 'środkowa');
INSERT INTO siatkarki values(18, 'gedan', 'Marta', 'Siwka', 'libero');
INSERT INTO siatkarki values(19, 'gedan', 'Martyna', 'Piotrowska', 'libero');
INSERT INTO siatkarki values(1, 'gward', 'Olga', 'Owczynnikowa', 'rozgrywająca');
INSERT INTO siatkarki values(2, 'gward', 'Katarzyna', 'Mroczkowska', 'atakująca');
INSERT INTO siatkarki values(6, 'gward', 'Monika', 'Czypiruk', 'przyjmująca');
INSERT INTO siatkarki values(8, 'gward', 'Aleksandra', 'Krzos', 'libero');
INSERT INTO siatkarki values(9, 'gward', 'Marta', 'Czerwińska', 'przyjmująca');
INSERT INTO siatkarki values(10, 'gward', 'Bogumiła', 'Barańska', 'przyjmująca');
INSERT INTO siatkarki values(11, 'gward', 'Agnieszka', 'Jagiełło', 'libero');
INSERT INTO siatkarki values(12, 'gward', 'Joanna', 'Wołosz', 'rozgrywająca');
INSERT INTO siatkarki values(13, 'gward', 'Aleksandra', 'Szafraniec', 'środkowa');
INSERT INTO siatkarki values(15, 'gward', 'Dominika', 'Sobolska', 'środkowa');
INSERT INTO siatkarki values(16, 'gward', 'Zuzanna', 'Efimienko', 'środkowa');
INSERT INTO siatkarki values(2, 'stal', 'Adrianna', 'Szady', 'rozgrywająca');
INSERT INTO siatkarki values(3, 'stal', 'Marlena', 'Mieszała', 'środkowa');
INSERT INTO siatkarki values(4, 'stal', 'Anita', 'Kwiatkowska', 'przyjmująca');
INSERT INTO siatkarki values(5, 'stal', 'Magdalena', 'Piątek', 'przyjmująca');
INSERT INTO siatkarki values(6, 'stal', 'Marta', 'Łukaszewska', 'atakująca');
INSERT INTO siatkarki values(7, 'stal', 'Justyna', 'Ordak', 'rozgrywająca');
INSERT INTO siatkarki values(8, 'stal', 'Dorota', 'Wilk', 'rozgrywająca');
INSERT INTO siatkarki values(9, 'stal', 'Sylwia', 'Wojcieska', 'środkowa');
INSERT INTO siatkarki values(10, 'stal', 'Dorota', 'Ściurka', 'przyjmująca');
INSERT INTO siatkarki values(11, 'stal', 'Agata', 'Wilk', 'atakująca');
INSERT INTO siatkarki values(13, 'stal', 'Agata', 'Durajczyk', 'libero');
INSERT INTO siatkarki values(16, 'stal', 'Iwona', 'Niedźwiecka', 'środkowa');
INSERT INTO siatkarki values(1, 'organ', 'Anna', 'Nowakowska', 'rozgrywająca');
INSERT INTO siatkarki values(2, 'organ', 'Katarzyna', 'Ciesielska', 'libero');
INSERT INTO siatkarki values(3, 'organ', 'Karolina', 'Kosek', 'przyjmująca');
INSERT INTO siatkarki values(4, 'organ', 'Katarzyna', 'Bryda', 'przyjmująca');
INSERT INTO siatkarki values(5, 'organ', 'Michela', 'Teixeira', 'przyjmująca');
INSERT INTO siatkarki values(6, 'organ', 'Katarzyna', 'Jóźwicka', 'atakująca');
INSERT INTO siatkarki values(7, 'organ', 'Julia', 'Shelukhina', 'środkowa');
INSERT INTO siatkarki values(8, 'organ', 'Marta', 'Pluta', 'rozgrywająca');
INSERT INTO siatkarki values(9, 'organ', 'Sylwia', 'Jasińska', 'środkowa');
INSERT INTO siatkarki values(10, 'organ', 'Dominika', 'Koczorowska', 'środkowa');
INSERT INTO siatkarki values(11, 'organ', 'Katarzyna', 'Jaszewska', 'przyjmująca');
INSERT INTO siatkarki values(13, 'organ', 'Małgorzata', 'Niemczyk', 'przyjmująca');
INSERT INTO siatkarki values(14, 'organ', 'Vanessa', 'De Paula Luana', 'środkowa');
INSERT INTO siatkarki values(18, 'organ', 'Katarzyna', 'Zaroślińska', 'atakująca');
INSERT INTO siatkarki values(1, 'azsbi', 'Agnieszka', 'Starzyk', 'przyjmująca');
INSERT INTO siatkarki values(2, 'azsbi', 'Małgorzata', 'Właszczuk', 'przyjmująca');
INSERT INTO siatkarki values(3, 'azsbi', 'Małgorzata', 'Cieśla', 'atakująca');
INSERT INTO siatkarki values(4, 'azsbi', 'Vesela', 'Boncheva', 'rozgrywająca');
INSERT INTO siatkarki values(5, 'azsbi', 'Joanna', 'Szeszko', 'przyjmująca');
INSERT INTO siatkarki values(6, 'azsbi', 'Katarzyna', 'Kalinowska', 'środkowa');
INSERT INTO siatkarki values(7, 'azsbi', 'Magdalena', 'Godos', 'rozgrywająca');
INSERT INTO siatkarki values(8, 'azsbi', 'Magdalena', 'Saad', 'libero');
INSERT INTO siatkarki values(9, 'azsbi', 'Ilona', 'Gierak', 'przyjmująca');
INSERT INTO siatkarki values(10, 'azsbi', 'Katarzyna', 'Wysocka', 'środkowa');
INSERT INTO siatkarki values(11, 'azsbi', 'Paulina', 'Gajewska', 'rozgrywająca');
INSERT INTO siatkarki values(12, 'azsbi', 'Elena', 'Bernatowicz', 'rozgrywająca');
INSERT INTO siatkarki values(15, 'azsbi', 'Marta', 'Wójcik', 'środkowa');
INSERT INTO siatkarki values(17, 'azsbi', 'Natalia', 'Zemtsova', 'środkowa');
INSERT INTO siatkarki values(1, 'pila', 'Maja', 'Tokarska', 'środkowa');
INSERT INTO siatkarki values(2, 'pila', 'Klaudia', 'Kaczorowska', 'przyjmująca');
INSERT INTO siatkarki values(3, 'pila', 'Gabriela', 'Wojtowicz', 'środkowa');
INSERT INTO siatkarki values(4, 'pila', 'Ewa', 'Kasprów', 'rozgrywająca');
INSERT INTO siatkarki values(5, 'pila', 'Katarzyna', 'Konieczna', 'przyjmująca');
INSERT INTO siatkarki values(6, 'pila', 'Monika', 'Martałek', 'środkowa');
INSERT INTO siatkarki values(7, 'pila', 'Ewa', 'Matyjaszek', 'rozgrywająca');
INSERT INTO siatkarki values(8, 'pila', 'Edyta', 'Kucharska', 'przyjmująca');
INSERT INTO siatkarki values(9, 'pila', 'Daria', 'Paszek', 'przyjmująca');
INSERT INTO siatkarki values(10, 'pila', 'Natalia', 'Krawulska', 'przyjmująca');
INSERT INTO siatkarki values(11, 'pila', 'Marta', 'Szczygielska', 'przyjmująca');
INSERT INTO siatkarki values(12, 'pila', 'Agnieszka', 'Kosmatka', 'atakująca');
INSERT INTO siatkarki values(13, 'pila', 'Paulina', 'Maj', 'libero');


INSERT INTO mecze values(1, 'organ', 'musz', '2009-10-25');
INSERT INTO mecze values(2, 'alubb', 'stal', '2009-10-24');
INSERT INTO mecze values(3, 'pila', 'gedan', '2009-10-24');
INSERT INTO mecze values(4, 'bydg', 'azsbi', '2009-10-24');
INSERT INTO mecze values(5, 'mksdg', 'gward', '2009-10-26');
INSERT INTO mecze values(6, 'organ', 'gward', '2009-10-30');
INSERT INTO mecze values(7, 'azsbi', 'mksdg', '2009-10-30');
INSERT INTO mecze values(8, 'gedan', 'bydg', '2009-10-28');
INSERT INTO mecze values(9, 'stal', 'pila', '2009-10-28');
INSERT INTO mecze values(10, 'musz', 'alubb', '2009-10-29');
INSERT INTO mecze values(11, 'alubb', 'organ', '2009-11-06');
INSERT INTO mecze values(12, 'pila', 'musz', '2009-11-08');
INSERT INTO mecze values(13, 'bydg', 'stal', '2009-11-07');
INSERT INTO mecze values(14, 'mksdg', 'gedan', '2009-11-07');
INSERT INTO mecze values(15, 'gward', 'azsbi', '2009-11-07');
INSERT INTO mecze values(16, 'organ', 'azsbi', '2009-11-14');
INSERT INTO mecze values(17, 'gedan', 'gward', '2009-11-13');
INSERT INTO mecze values(18, 'stal', 'mksdg', '2009-11-16');
INSERT INTO mecze values(19, 'musz', 'bydg', '2009-11-14');
INSERT INTO mecze values(20, 'alubb', 'pila', '2009-11-15');
INSERT INTO mecze values(21, 'pila', 'organ', '2009-11-18');
INSERT INTO mecze values(22, 'bydg', 'alubb', '2009-11-18');
INSERT INTO mecze values(23, 'mksdg', 'musz', '2009-11-18');
INSERT INTO mecze values(24, 'stal', 'gward', '2009-11-18');
INSERT INTO mecze values(25, 'azsbi', 'gedan', '2009-11-17');
INSERT INTO mecze values(26, 'organ', 'gedan', '2009-11-23');
INSERT INTO mecze values(27, 'stal', 'azsbi', '2009-11-20');
INSERT INTO mecze values(28, 'musz', 'gward', '2009-11-21');
INSERT INTO mecze values(29, 'alubb', 'mksdg', '2009-11-21');
INSERT INTO mecze values(30, 'pila', 'bydg', '2009-11-22');
INSERT INTO mecze values(31, 'bydg', 'organ', '2009-11-29');
INSERT INTO mecze values(32, 'mksdg', 'pila', '2009-11-28');
INSERT INTO mecze values(33, 'gward', 'alubb', '2009-11-27');
INSERT INTO mecze values(34, 'azsbi', 'musz', '2009-11-27');
INSERT INTO mecze values(35, 'gedan', 'stal', '2009-11-30');
INSERT INTO mecze values(36, 'organ', 'stal', '2009-12-07');
INSERT INTO mecze values(37, 'musz', 'gedan', '2009-12-05');
INSERT INTO mecze values(38, 'alubb', 'azsbi', '2009-12-05');
INSERT INTO mecze values(39, 'pila', 'gward', '2009-12-04');
INSERT INTO mecze values(40, 'bydg', 'mksdg', '2009-12-06');
INSERT INTO mecze values(41, 'mksdg', 'organ', '2009-12-11');
INSERT INTO mecze values(42, 'gward', 'bydg', '2009-12-13');
INSERT INTO mecze values(43, 'azsbi', 'pila', '2009-12-13');
INSERT INTO mecze values(44, 'gedan', 'alubb', '2009-12-12');
INSERT INTO mecze values(45, 'stal', 'musz', '2009-12-22');
INSERT INTO mecze values(46, 'musz', 'organ', '2009-12-19');
INSERT INTO mecze values(47, 'stal', 'alubb', '2009-12-19');
INSERT INTO mecze values(48, 'gedan', 'pila', '2009-12-19');
INSERT INTO mecze values(49, 'azsbi', 'bydg', '2009-12-19');
INSERT INTO mecze values(50, 'gward', 'mksdg', '2009-12-20');
INSERT INTO mecze values(51, 'gward', 'organ', '2010-01-18');
INSERT INTO mecze values(52, 'mksdg', 'azsbi', '2010-01-17');
INSERT INTO mecze values(53, 'bydg', 'gedan', '2010-01-16');
INSERT INTO mecze values(54, 'pila', 'stal', '2010-01-17');
INSERT INTO mecze values(55, 'alubb', 'musz', '2010-01-27');
INSERT INTO mecze values(56, 'organ', 'alubb', '2010-01-24');
INSERT INTO mecze values(57, 'musz', 'pila', '2010-01-23');
INSERT INTO mecze values(58, 'stal', 'bydg', '2010-01-25');
INSERT INTO mecze values(59, 'gedan', 'mksdg', '2010-01-23');
INSERT INTO mecze values(60, 'azsbi', 'gward', '2010-01-22');
INSERT INTO mecze values(61, 'azsbi', 'organ', '2010-01-30');
INSERT INTO mecze values(62, 'gward', 'gedan', '2010-01-31');
INSERT INTO mecze values(63, 'mksdg', 'stal', '2010-01-31');
INSERT INTO mecze values(64, 'bydg', 'musz', '2010-01-30');
INSERT INTO mecze values(65, 'pila', 'alubb', '2010-02-01');
INSERT INTO mecze values(66, 'organ', 'pila', '2010-02-08');
INSERT INTO mecze values(67, 'alubb', 'bydg', '2010-02-05');
INSERT INTO mecze values(68, 'musz', 'mksdg', '2010-02-05');
INSERT INTO mecze values(69, 'gward', 'stal', '2010-02-06');
INSERT INTO mecze values(70, 'gedan', 'azsbi', '2010-02-06');
INSERT INTO mecze values(71, 'gedan', 'organ', '2010-02-20');
INSERT INTO mecze values(72, 'azsbi', 'stal', '2010-02-20');
INSERT INTO mecze values(73, 'gward', 'musz', '2010-02-20');
INSERT INTO mecze values(74, 'mksdg', 'alubb', '2010-02-21');
INSERT INTO mecze values(75, 'bydg', 'pila', '2010-02-20');
INSERT INTO mecze values(76, 'organ', 'bydg', '2010-03-01');
INSERT INTO mecze values(77, 'pila', 'mksdg', '2010-02-28');
INSERT INTO mecze values(78, 'alubb', 'gward', '2010-02-27');
INSERT INTO mecze values(79, 'musz', 'azsbi', '2010-02-27');
INSERT INTO mecze values(80, 'stal', 'gedan', '2010-02-27');
INSERT INTO mecze values(81, 'stal', 'organ', '2010-03-06');
INSERT INTO mecze values(82, 'gedan', 'musz', '2010-03-06');
INSERT INTO mecze values(83, 'azsbi', 'alubb', '2010-03-06');
INSERT INTO mecze values(84, 'gward', 'pila', '2010-03-06');
INSERT INTO mecze values(85, 'mksdg', 'bydg', '2010-03-06');
INSERT INTO mecze values(86, 'organ', 'mksdg', '2010-03-13');
INSERT INTO mecze values(87, 'bydg', 'gward', '2010-03-13');
INSERT INTO mecze values(88, 'pila', 'azsbi', '2010-03-13');
INSERT INTO mecze values(89, 'alubb', 'gedan', '2010-03-13');
INSERT INTO mecze values(90, 'musz', 'stal', '2010-03-13');


INSERT INTO statystyki values(1, '{28,23,13,12}', '{26,25,25,25}');
INSERT INTO statystyki values(2, '{25,25,25}', '{12,17,20}');
INSERT INTO statystyki values(3, '{25,25,25}', '{10,15,17}');
INSERT INTO statystyki values(4, '{25,27,25}', '{14,25,9}');
INSERT INTO statystyki values(5, '{25,17,25,22,10}', '{21,25,15,25,15}');
INSERT INTO statystyki values(6 , '{25,19,25,25}', '{19,25,19,16}');
INSERT INTO statystyki values(7 , '{27,14,23}', '{29,25,25}');
INSERT INTO statystyki values(8 , '{13,22,11}', '{25,25,25}');
INSERT INTO statystyki values(9 , '{23,21,22}', '{25,25,25}');
INSERT INTO statystyki values(10 , '{24,25,25,27}', '{26,20,23,25}');
INSERT INTO statystyki values(11 , '{25,25,25}', '{18,15,19}');
INSERT INTO statystyki values(12 , '{13,20,25,17}', '{25,25,21,25}');
INSERT INTO statystyki values(13 , '{22,25,25,25}', '{25,17,23,23}');
INSERT INTO statystyki values(14 , '{25,25,25}', '{17,17,15}');
INSERT INTO statystyki values(15 , '{25,25,23,25}', '{21,22,25,23}');
INSERT INTO statystyki values(16 , '{23,25,28,20}', '{25,13,30,25}');
INSERT INTO statystyki values(17 , '{22,21,13}', '{25,25,25}');
INSERT INTO statystyki values(18 , '{25,16,25,14}', '{21,25,27,25}');
INSERT INTO statystyki values(19 , '{26,25,25}', '{24,22,20}');
INSERT INTO statystyki values(20 , '{23,25,25,25}', '{25,23,23,14}');
INSERT INTO statystyki values(21 , '{26,27,22,22}', '{24,29,25,25}');
INSERT INTO statystyki values(22 , '{27,25,24,10,10}', '{25,19,26,25,15}');
INSERT INTO statystyki values(23 , '{25,27,25}', '{17,25,17}');
INSERT INTO statystyki values(24 , '{25,22,25,25,15}', '{11,25,13,27,10}');
INSERT INTO statystyki values(25 , '{25,25,25}', '{19,19,15}');
INSERT INTO statystyki values(26 , '{25,25,25}', '{17,20,21}');
INSERT INTO statystyki values(27 , '{25,18,24,25,15}', '{19,25,26,21,6}');
INSERT INTO statystyki values(28 , '{25,23,22,25,15}', '{23,25,25,14,11}');
INSERT INTO statystyki values(29 , '{25,25,25}', '{14,15,11}');
INSERT INTO statystyki values(30 , '{25,26,25,25}', '{19,28,19,11}');
INSERT INTO statystyki values(31 , '{16,17,22}', '{25,25,25}');
INSERT INTO statystyki values(32 , '{25,19,25,28,15}', '{17,25,17,30,13}');
INSERT INTO statystyki values(33 , '{27,20,11,20}', '{25,25,25,25}');
INSERT INTO statystyki values(34 , '{14,22,22}', '{25,25,25}');
INSERT INTO statystyki values(35 , '{14,14,22}', '{25,25,25}');
INSERT INTO statystyki values(36 , '{25,20,20,25,7}', '{20,25,25,23,15}');
INSERT INTO statystyki values(37 , '{25,25,25}', '{16,14,11}');
INSERT INTO statystyki values(38 , '{25,25,25}', '{14,16,19}');
INSERT INTO statystyki values(39 , '{25,17,25,25,11}', '{27,25,13,22,15}');
INSERT INTO statystyki values(40 , '{25,11,24,20}', '{20,25,26,25}');
INSERT INTO statystyki values(41 , '{16,15,15}', '{25,25,25}');
INSERT INTO statystyki values(42 , '{19,25,24,25,14}', '{25,14,26,15,16}');
INSERT INTO statystyki values(43 , '{25,27,19,25}', '{16,25,25,21}');
INSERT INTO statystyki values(44 , '{23,13,17}', '{25,25,25}');
INSERT INTO statystyki values(45 , '{15,23,17}', '{25,25,25}');
INSERT INTO statystyki values(46 , '{22,25,25,25}', '{25,21,19,15}');
INSERT INTO statystyki values(47 , '{14,19,25,24}', '{25,25,19,26}');
INSERT INTO statystyki values(48 , '{17,16,21}', '{25,25,25}');
INSERT INTO statystyki values(49 , '{23,25,25,16,13}', '{25,21,19,25,15}');
INSERT INTO statystyki values(50 , '{18,16,25,25,18}', '{25,25,19,20,16}');
INSERT INTO statystyki values(51 , '{25,22,15,20}', '{22,25,25,25}');
INSERT INTO statystyki values(52 , '{25,25,25}', '{23,21,18}');
INSERT INTO statystyki values(53 , '{26,25,25}', '{24,16,17}');
INSERT INTO statystyki values(54 , '{25,23,21,25,15}', '{22,25,25,21,13}');
INSERT INTO statystyki values(55 , '{25,17,25,25}', '{23,25,19,22}');
INSERT INTO statystyki values(56 , '{16,23,25,22}', '{25,25,19,25}');
INSERT INTO statystyki values(57 , '{25,25,25}', '{17,21,16}');
INSERT INTO statystyki values(58 , '{25,25,25}', '{22,20,18}');
INSERT INTO statystyki values(59 , '{13,16,9}', '{25,25,25}');
INSERT INTO statystyki values(60 , '{25,25,12,27,16}', '{20,22,25,29,14}');
INSERT INTO statystyki values(61 , '{25,23,22,25,8}', '{13,25,25,22,15}');
INSERT INTO statystyki values(62 , '{25,19,25,25}', '{15,25,21,10}');
INSERT INTO statystyki values(63 , '{25,25,25}', '{18,19,19}');
INSERT INTO statystyki values(64 , '{25,18,22,19}', '{22,25,25,25}');
INSERT INTO statystyki values(65 , '{13,25,20,13}', '{25,22,25,25}');
INSERT INTO statystyki values(66 , '{19,25,25,25,15}', '{25,23,14,27,12}');
INSERT INTO statystyki values(67 , '{25,23,25,25,15}', '{27,25,21,16,10}');
INSERT INTO statystyki values(68 , '{22,25,25,25,11}', '{25,20,16,27,15}');
INSERT INTO statystyki values(69 , '{25,21,25,16,15}', '{19,25,20,25,17}');
INSERT INTO statystyki values(70 , '{25,15,14,14}', '{20,25,25,25}');
INSERT INTO statystyki values(71 , '{17,16,25}', '{25,25,27}');
INSERT INTO statystyki values(72 , '{26,25,25}', '{24,20,11}');
INSERT INTO statystyki values(73 , '{20,10,24}', '{25,25,26}');
INSERT INTO statystyki values(74 , '{27,19,25,22,16}', '{25,25,13,25,18}');
INSERT INTO statystyki values(75 , '{22,25,16,16}', '{25,15,25,25}');
INSERT INTO statystyki values(76 , '{25,25,25}', '{17,21,14}');
INSERT INTO statystyki values(77 , '{25,13,25,25}', '{8,25,14,23}');
INSERT INTO statystyki values(78 , '{25,25,25}', '{12,13,15}');
INSERT INTO statystyki values(79 , '{25,25,25,25}', '{27,23,14,17}');
INSERT INTO statystyki values(80 , '{21,25,25,25}', '{25,13,7,20}');
INSERT INTO statystyki values(81 , '{25,25,25}', '{23,17,23}');
INSERT INTO statystyki values(82 , '{12,13,20}', '{25,25,25}');
INSERT INTO statystyki values(83 , '{19,21,14}', '{25,25,25}');
INSERT INTO statystyki values(84 , '{16,25,18,23}', '{25,16,25,25}');
INSERT INTO statystyki values(85 , '{14,18,21}', '{25,25,25}');
INSERT INTO statystyki values(86 , '{25,22,25,16,15}', '{17,25,23,25,12}');
INSERT INTO statystyki values(87 , '{23,22,25,25,5}', '{25,25,19,22,15}');
INSERT INTO statystyki values(88 , '{25,11,18,24}', '{21,25,25,26}');
INSERT INTO statystyki values(89 , '{25,25,25}', '{14,21,11}');
INSERT INTO statystyki values(90 , '{25,25,29}', '{15,21,27}');

INSERT INTO punktujace values(1, 'organ', 1, 1);
INSERT INTO punktujace values(3, 'organ', 1, 10);
INSERT INTO punktujace values(5, 'organ', 1, 3);
INSERT INTO punktujace values(7, 'organ', 1, 6);
INSERT INTO punktujace values(8, 'organ', 1, 2);
INSERT INTO punktujace values(9, 'organ', 1, 1);
INSERT INTO punktujace values(10, 'organ', 1, 4);
INSERT INTO punktujace values(13, 'organ', 1, 7);
INSERT INTO punktujace values(18, 'organ', 1, 17);
INSERT INTO punktujace values(1, 'musz', 1, 5);
INSERT INTO punktujace values(3, 'musz', 1, 11);
INSERT INTO punktujace values(4, 'musz', 1, 7);
INSERT INTO punktujace values(5, 'musz', 1, 1);
INSERT INTO punktujace values(6, 'musz', 1, 11);
INSERT INTO punktujace values(7, 'musz', 1, 2);
INSERT INTO punktujace values(10, 'musz', 1, 5);
INSERT INTO punktujace values(11, 'musz', 1, 3);
INSERT INTO punktujace values(12, 'musz', 1, 15);
INSERT INTO punktujace values(16, 'musz', 1, 19);
INSERT INTO punktujace values(2, 'alubb', 2, 10);
INSERT INTO punktujace values(3, 'alubb', 2, 1);
INSERT INTO punktujace values(5, 'alubb', 2, 12);
INSERT INTO punktujace values(7, 'alubb', 2, 4);
INSERT INTO punktujace values(10, 'alubb', 2, 7);
INSERT INTO punktujace values(11, 'alubb', 2, 4);
INSERT INTO punktujace values(12, 'alubb', 2, 6);
INSERT INTO punktujace values(13, 'alubb', 2, 12);
INSERT INTO punktujace values(4, 'stal', 2, 4);
INSERT INTO punktujace values(5, 'stal', 2, 7);
INSERT INTO punktujace values(6, 'stal', 2, 1);
INSERT INTO punktujace values(8, 'stal', 2, 2);
INSERT INTO punktujace values(9, 'stal', 2, 7);
INSERT INTO punktujace values(10, 'stal', 2, 7);
INSERT INTO punktujace values(11, 'stal', 2, 4);
INSERT INTO punktujace values(16, 'stal', 2, 3);
INSERT INTO punktujace values(1, 'pila', 3, 10);
INSERT INTO punktujace values(2, 'pila', 3, 12);
INSERT INTO punktujace values(3, 'pila', 3, 7);
INSERT INTO punktujace values(4, 'pila', 3, 7);
INSERT INTO punktujace values(5, 'pila', 3, 8);
INSERT INTO punktujace values(6, 'pila', 3, 2);
INSERT INTO punktujace values(7, 'pila', 3, 1);
INSERT INTO punktujace values(11, 'pila', 3, 1);
INSERT INTO punktujace values(12, 'pila', 3, 5);
INSERT INTO punktujace values(1, 'gedan', 3, 3);
INSERT INTO punktujace values(4, 'gedan', 3, 2);
INSERT INTO punktujace values(5, 'gedan', 3, 4);
INSERT INTO punktujace values(8, 'gedan', 3, 1);
INSERT INTO punktujace values(9, 'gedan', 3, 10);
INSERT INTO punktujace values(14, 'gedan', 3, 1);
INSERT INTO punktujace values(15, 'gedan', 3, 3);
INSERT INTO punktujace values(17, 'gedan', 3, 2);
INSERT INTO punktujace values(1, 'bydg', 4, 11);
INSERT INTO punktujace values(2, 'bydg', 4, 12);
INSERT INTO punktujace values(3, 'bydg', 4, 10);
INSERT INTO punktujace values(4, 'bydg', 4, 6);
INSERT INTO punktujace values(5, 'bydg', 4, 4);
INSERT INTO punktujace values(7, 'bydg', 4, 4);
INSERT INTO punktujace values(10, 'bydg', 4, 8);
INSERT INTO punktujace values(1, 'azsbi', 4, 11);
INSERT INTO punktujace values(3, 'azsbi', 4, 7);
INSERT INTO punktujace values(5, 'azsbi', 4, 2);
INSERT INTO punktujace values(9, 'azsbi', 4, 2);
INSERT INTO punktujace values(10, 'azsbi', 4, 1);
INSERT INTO punktujace values(11, 'azsbi', 4, 3);
INSERT INTO punktujace values(17, 'azsbi', 4, 6);
INSERT INTO punktujace values(1, 'mksdg', 5, 13);
INSERT INTO punktujace values(6, 'mksdg', 5, 9);
INSERT INTO punktujace values(7, 'mksdg', 5, 13);
INSERT INTO punktujace values(8, 'mksdg', 5, 14);
INSERT INTO punktujace values(9, 'mksdg', 5, 13);
INSERT INTO punktujace values(11, 'mksdg', 5, 1);
INSERT INTO punktujace values(12, 'mksdg', 5, 1);
INSERT INTO punktujace values(13, 'mksdg', 5, 8);
INSERT INTO punktujace values(2, 'gward', 5, 23);
INSERT INTO punktujace values(6, 'gward', 5, 12);
INSERT INTO punktujace values(9, 'gward', 5, 10);
INSERT INTO punktujace values(12, 'gward', 5, 6);
INSERT INTO punktujace values(15, 'gward', 5, 13);
INSERT INTO punktujace values(16, 'gward', 5, 10);
INSERT INTO punktujace values(1, 'organ', 6, 2);
INSERT INTO punktujace values(3, 'organ', 6, 14);
INSERT INTO punktujace values(5, 'organ', 6, 5);
INSERT INTO punktujace values(6, 'organ', 6, 2);
INSERT INTO punktujace values(7, 'organ', 6, 16);
INSERT INTO punktujace values(10, 'organ', 6, 8);
INSERT INTO punktujace values(13, 'organ', 6, 4);
INSERT INTO punktujace values(18, 'organ', 6, 17);
INSERT INTO punktujace values(2, 'gward', 6, 18);
INSERT INTO punktujace values(6, 'gward', 6, 13);
INSERT INTO punktujace values(9, 'gward', 6, 9);
INSERT INTO punktujace values(12, 'gward', 6, 2);
INSERT INTO punktujace values(15, 'gward', 6, 7);
INSERT INTO punktujace values(16, 'gward', 6, 10);
INSERT INTO punktujace values(1, 'azsbi', 7, 5);
INSERT INTO punktujace values(3, 'azsbi', 7, 8);
INSERT INTO punktujace values(5, 'azsbi', 7, 3);
INSERT INTO punktujace values(7, 'azsbi', 7, 3);
INSERT INTO punktujace values(9, 'azsbi', 7, 13);
INSERT INTO punktujace values(10, 'azsbi', 7, 2);
INSERT INTO punktujace values(17, 'azsbi', 7, 9);
INSERT INTO punktujace values(1, 'mksdg', 7, 15);
INSERT INTO punktujace values(5, 'mksdg', 7, 2);
INSERT INTO punktujace values(6, 'mksdg', 7, 10);
INSERT INTO punktujace values(7, 'mksdg', 7, 4);
INSERT INTO punktujace values(8, 'mksdg', 7, 5);
INSERT INTO punktujace values(9, 'mksdg', 7, 6);
INSERT INTO punktujace values(11, 'mksdg', 7, 9);
INSERT INTO punktujace values(13, 'mksdg', 7, 9);
INSERT INTO punktujace values(1, 'gedan', 8, 6);
INSERT INTO punktujace values(4, 'gedan', 8, 6);
INSERT INTO punktujace values(5, 'gedan', 8, 2);
INSERT INTO punktujace values(9, 'gedan', 8, 6);
INSERT INTO punktujace values(14, 'gedan', 8, 3);
INSERT INTO punktujace values(15, 'gedan', 8, 2);
INSERT INTO punktujace values(17, 'gedan', 8, 4);
INSERT INTO punktujace values(1, 'bydg', 8, 9);
INSERT INTO punktujace values(2, 'bydg', 8, 16);
INSERT INTO punktujace values(3, 'bydg', 8, 8);
INSERT INTO punktujace values(4, 'bydg', 8, 1);
INSERT INTO punktujace values(5, 'bydg', 8, 8);
INSERT INTO punktujace values(7, 'bydg', 8, 1);
INSERT INTO punktujace values(10, 'bydg', 8, 10);
INSERT INTO punktujace values(13, 'bydg', 8, 5);
INSERT INTO punktujace values(3, 'stal', 9, 1);
INSERT INTO punktujace values(4, 'stal', 9, 6);
INSERT INTO punktujace values(5, 'stal', 9, 10);
INSERT INTO punktujace values(7, 'stal', 9, 1);
INSERT INTO punktujace values(8, 'stal', 9, 5);
INSERT INTO punktujace values(9, 'stal', 9, 14);
INSERT INTO punktujace values(10, 'stal', 9, 9);
INSERT INTO punktujace values(11, 'stal', 9, 4);
INSERT INTO punktujace values(16, 'stal', 9, 2);
INSERT INTO punktujace values(1, 'pila', 9, 8);
INSERT INTO punktujace values(2, 'pila', 9, 13);
INSERT INTO punktujace values(3, 'pila', 9, 9);
INSERT INTO punktujace values(4, 'pila', 9, 2);
INSERT INTO punktujace values(5, 'pila', 9, 15);
INSERT INTO punktujace values(8, 'pila', 9, 1);
INSERT INTO punktujace values(11, 'pila', 9, 2);
INSERT INTO punktujace values(12, 'pila', 9, 10);
INSERT INTO punktujace values(1, 'alubb', 10, 7);
INSERT INTO punktujace values(2, 'alubb', 10, 11);
INSERT INTO punktujace values(5, 'alubb', 10, 12);
INSERT INTO punktujace values(7, 'alubb', 10, 8);
INSERT INTO punktujace values(10, 'alubb', 10, 7);
INSERT INTO punktujace values(11, 'alubb', 10, 2);
INSERT INTO punktujace values(12, 'alubb', 10, 13);
INSERT INTO punktujace values(13, 'alubb', 10, 13);
INSERT INTO punktujace values(1, 'musz', 10, 4);
INSERT INTO punktujace values(3, 'musz', 10, 7);
INSERT INTO punktujace values(4, 'musz', 10, 2);
INSERT INTO punktujace values(6, 'musz', 10, 8);
INSERT INTO punktujace values(7, 'musz', 10, 7);
INSERT INTO punktujace values(9, 'musz', 10, 2);
INSERT INTO punktujace values(10, 'musz', 10, 11);
INSERT INTO punktujace values(11, 'musz', 10, 10);
INSERT INTO punktujace values(12, 'musz', 10, 3);
INSERT INTO punktujace values(16, 'musz', 10, 11);
INSERT INTO punktujace values(1, 'alubb', 11, 7);
INSERT INTO punktujace values(2, 'alubb', 11, 9);
INSERT INTO punktujace values(3, 'alubb', 11, 9);
INSERT INTO punktujace values(5, 'alubb', 11, 9);
INSERT INTO punktujace values(7, 'alubb', 11, 6);
INSERT INTO punktujace values(8, 'alubb', 11, 1);
INSERT INTO punktujace values(11, 'alubb', 11, 3);
INSERT INTO punktujace values(12, 'alubb', 11, 11);
INSERT INTO punktujace values(13, 'alubb', 11, 4);
INSERT INTO punktujace values(1, 'organ', 11, 2);
INSERT INTO punktujace values(3, 'organ', 11, 8);
INSERT INTO punktujace values(5, 'organ', 11, 2);
INSERT INTO punktujace values(6, 'organ', 11, 3);
INSERT INTO punktujace values(7, 'organ', 11, 5);
INSERT INTO punktujace values(9, 'organ', 11, 5);
INSERT INTO punktujace values(10, 'organ', 11, 1);
INSERT INTO punktujace values(13, 'organ', 11, 12);
INSERT INTO punktujace values(1, 'pila', 12, 3);
INSERT INTO punktujace values(2, 'pila', 12, 4);
INSERT INTO punktujace values(3, 'pila', 12, 8);
INSERT INTO punktujace values(4, 'pila', 12, 6);
INSERT INTO punktujace values(5, 'pila', 12, 19);
INSERT INTO punktujace values(8, 'pila', 12, 1);
INSERT INTO punktujace values(11, 'pila', 12, 2);
INSERT INTO punktujace values(12, 'pila', 12, 7);
INSERT INTO punktujace values(1, 'musz', 12, 5);
INSERT INTO punktujace values(3, 'musz', 12, 2);
INSERT INTO punktujace values(5, 'musz', 12, 1);
INSERT INTO punktujace values(6, 'musz', 12, 16);
INSERT INTO punktujace values(10, 'musz', 12, 8);
INSERT INTO punktujace values(11, 'musz', 12, 14);
INSERT INTO punktujace values(12, 'musz', 12, 11);
INSERT INTO punktujace values(16, 'musz', 12, 12);
INSERT INTO punktujace values(1, 'bydg', 13, 1);
INSERT INTO punktujace values(2, 'bydg', 13, 9);
INSERT INTO punktujace values(3, 'bydg', 13, 13);
INSERT INTO punktujace values(4, 'bydg', 13, 15);
INSERT INTO punktujace values(10, 'bydg', 13, 20);
INSERT INTO punktujace values(12, 'bydg', 13, 4);
INSERT INTO punktujace values(13, 'bydg', 13, 4);
INSERT INTO punktujace values(3, 'stal', 13, 3);
INSERT INTO punktujace values(4, 'stal', 13, 11);
INSERT INTO punktujace values(5, 'stal', 13, 14);
INSERT INTO punktujace values(6, 'stal', 13, 2);
INSERT INTO punktujace values(7, 'stal', 13, 1);
INSERT INTO punktujace values(8, 'stal', 13, 2);
INSERT INTO punktujace values(9, 'stal', 13, 10);
INSERT INTO punktujace values(10, 'stal', 13, 13);
INSERT INTO punktujace values(11, 'stal', 13, 1);
INSERT INTO punktujace values(16, 'stal', 13, 5);
INSERT INTO punktujace values(1, 'mksdg', 14, 11);
INSERT INTO punktujace values(3, 'mksdg', 14, 9);
INSERT INTO punktujace values(6, 'mksdg', 14, 11);
INSERT INTO punktujace values(7, 'mksdg', 14, 15);
INSERT INTO punktujace values(12, 'mksdg', 14, 3);
INSERT INTO punktujace values(13, 'mksdg', 14, 9);
INSERT INTO punktujace values(1, 'gedan', 14, 8);
INSERT INTO punktujace values(3, 'gedan', 14, 2);
INSERT INTO punktujace values(8, 'gedan', 14, 2);
INSERT INTO punktujace values(9, 'gedan', 14, 5);
INSERT INTO punktujace values(12, 'gedan', 14, 4);
INSERT INTO punktujace values(14, 'gedan', 14, 7);
INSERT INTO punktujace values(15, 'gedan', 14, 3);
INSERT INTO punktujace values(1, 'gward', 15, 2);
INSERT INTO punktujace values(2, 'gward', 15, 24);
INSERT INTO punktujace values(6, 'gward', 15, 18);
INSERT INTO punktujace values(9, 'gward', 15, 10);
INSERT INTO punktujace values(10, 'gward', 15, 1);
INSERT INTO punktujace values(15, 'gward', 15, 6);
INSERT INTO punktujace values(16, 'gward', 15, 10);
INSERT INTO punktujace values(1, 'azsbi', 15, 18);
INSERT INTO punktujace values(3, 'azsbi', 15, 12);
INSERT INTO punktujace values(5, 'azsbi', 15, 10);
INSERT INTO punktujace values(7, 'azsbi', 15, 3);
INSERT INTO punktujace values(9, 'azsbi', 15, 1);
INSERT INTO punktujace values(10, 'azsbi', 15, 6);
INSERT INTO punktujace values(17, 'azsbi', 15, 13);
INSERT INTO punktujace values(1, 'organ', 16, 3);
INSERT INTO punktujace values(3, 'organ', 16, 13);
INSERT INTO punktujace values(5, 'organ', 16, 10);
INSERT INTO punktujace values(6, 'organ', 16, 3);
INSERT INTO punktujace values(7, 'organ', 16, 13);
INSERT INTO punktujace values(8, 'organ', 16, 2);
INSERT INTO punktujace values(9, 'organ', 16, 6);
INSERT INTO punktujace values(10, 'organ', 16, 3);
INSERT INTO punktujace values(13, 'organ', 16, 15);
INSERT INTO punktujace values(1, 'azsbi', 16, 7);
INSERT INTO punktujace values(3, 'azsbi', 16, 13);
INSERT INTO punktujace values(5, 'azsbi', 16, 14);
INSERT INTO punktujace values(6, 'azsbi', 16, 4);
INSERT INTO punktujace values(7, 'azsbi', 16, 3);
INSERT INTO punktujace values(9, 'azsbi', 16, 7);
INSERT INTO punktujace values(10, 'azsbi', 16, 2);
INSERT INTO punktujace values(17, 'azsbi', 16, 8);
INSERT INTO punktujace values(1, 'gedan', 17, 13);
INSERT INTO punktujace values(5, 'gedan', 17, 2);
INSERT INTO punktujace values(8, 'gedan', 17, 4);
INSERT INTO punktujace values(9, 'gedan', 17, 7);
INSERT INTO punktujace values(12, 'gedan', 17, 1);
INSERT INTO punktujace values(14, 'gedan', 17, 8);
INSERT INTO punktujace values(15, 'gedan', 17, 1);
INSERT INTO punktujace values(17, 'gedan', 17, 4);
INSERT INTO punktujace values(1, 'gward', 17, 1);
INSERT INTO punktujace values(2, 'gward', 17, 23);
INSERT INTO punktujace values(6, 'gward', 17, 12);
INSERT INTO punktujace values(9, 'gward', 17, 7);
INSERT INTO punktujace values(10, 'gward', 17, 1);
INSERT INTO punktujace values(12, 'gward', 17, 3);
INSERT INTO punktujace values(13, 'gward', 17, 1);
INSERT INTO punktujace values(15, 'gward', 17, 5);
INSERT INTO punktujace values(16, 'gward', 17, 8);
INSERT INTO punktujace values(4, 'stal', 18, 13);
INSERT INTO punktujace values(5, 'stal', 18, 13);
INSERT INTO punktujace values(6, 'stal', 18, 3);
INSERT INTO punktujace values(7, 'stal', 18, 1);
INSERT INTO punktujace values(8, 'stal', 18, 1);
INSERT INTO punktujace values(9, 'stal', 18, 8);
INSERT INTO punktujace values(10, 'stal', 18, 10);
INSERT INTO punktujace values(11, 'stal', 18, 8);
INSERT INTO punktujace values(16, 'stal', 18, 6);
INSERT INTO punktujace values(1, 'mksdg', 18, 3);
INSERT INTO punktujace values(3, 'mksdg', 18, 12);
INSERT INTO punktujace values(5, 'mksdg', 18, 10);
INSERT INTO punktujace values(6, 'mksdg', 18, 1);
INSERT INTO punktujace values(7, 'mksdg', 18, 13);
INSERT INTO punktujace values(8, 'mksdg', 18, 14);
INSERT INTO punktujace values(11, 'mksdg', 18, 1);
INSERT INTO punktujace values(12, 'mksdg', 18, 2);
INSERT INTO punktujace values(13, 'mksdg', 18, 10);
INSERT INTO punktujace values(1, 'musz', 19, 5);
INSERT INTO punktujace values(3, 'musz', 19, 2);
INSERT INTO punktujace values(4, 'musz', 19, 3);
INSERT INTO punktujace values(6, 'musz', 19, 8);
INSERT INTO punktujace values(10, 'musz', 19, 12);
INSERT INTO punktujace values(11, 'musz', 19, 7);
INSERT INTO punktujace values(12, 'musz', 19, 11);
INSERT INTO punktujace values(16, 'musz', 19, 10);
INSERT INTO punktujace values(1, 'bydg', 19, 5);
INSERT INTO punktujace values(2, 'bydg', 19, 10);
INSERT INTO punktujace values(3, 'bydg', 19, 13);
INSERT INTO punktujace values(4, 'bydg', 19, 6);
INSERT INTO punktujace values(5, 'bydg', 19, 4);
INSERT INTO punktujace values(7, 'bydg', 19, 1);
INSERT INTO punktujace values(10, 'bydg', 19, 10);
INSERT INTO punktujace values(1, 'alubb', 20, 21);
INSERT INTO punktujace values(2, 'alubb', 20, 12);
INSERT INTO punktujace values(5, 'alubb', 20, 14);
INSERT INTO punktujace values(7, 'alubb', 20, 5);
INSERT INTO punktujace values(10, 'alubb', 20, 3);
INSERT INTO punktujace values(11, 'alubb', 20, 4);
INSERT INTO punktujace values(12, 'alubb', 20, 5);
INSERT INTO punktujace values(13, 'alubb', 20, 9);
INSERT INTO punktujace values(1, 'pila', 20, 1);
INSERT INTO punktujace values(2, 'pila', 20, 6);
INSERT INTO punktujace values(3, 'pila', 20, 14);
INSERT INTO punktujace values(5, 'pila', 20, 13);
INSERT INTO punktujace values(6, 'pila', 20, 2);
INSERT INTO punktujace values(7, 'pila', 20, 3);
INSERT INTO punktujace values(8, 'pila', 20, 9);
INSERT INTO punktujace values(11, 'pila', 20, 5);
INSERT INTO punktujace values(12, 'pila', 20, 13);
INSERT INTO punktujace values(1, 'pila', 21, 3);
INSERT INTO punktujace values(2, 'pila', 21, 7);
INSERT INTO punktujace values(3, 'pila', 21, 10);
INSERT INTO punktujace values(4, 'pila', 21, 1);
INSERT INTO punktujace values(5, 'pila', 21, 25);
INSERT INTO punktujace values(6, 'pila', 21, 2);
INSERT INTO punktujace values(8, 'pila', 21, 8);
INSERT INTO punktujace values(11, 'pila', 21, 4);
INSERT INTO punktujace values(12, 'pila', 21, 15);
INSERT INTO punktujace values(2, 'organ', 21, 1);
INSERT INTO punktujace values(3, 'organ', 21, 28);
INSERT INTO punktujace values(4, 'organ', 21, 2);
INSERT INTO punktujace values(5, 'organ', 21, 6);
INSERT INTO punktujace values(7, 'organ', 21, 13);
INSERT INTO punktujace values(8, 'organ', 21, 7);
INSERT INTO punktujace values(10, 'organ', 21, 6);
INSERT INTO punktujace values(13, 'organ', 21, 13);
INSERT INTO punktujace values(18, 'organ', 21, 2);
INSERT INTO punktujace values(1, 'bydg', 22, 12);
INSERT INTO punktujace values(2, 'bydg', 22, 15);
INSERT INTO punktujace values(3, 'bydg', 22, 12);
INSERT INTO punktujace values(4, 'bydg', 22, 12);
INSERT INTO punktujace values(5, 'bydg', 22, 2);
INSERT INTO punktujace values(7, 'bydg', 22, 3);
INSERT INTO punktujace values(10, 'bydg', 22, 10);
INSERT INTO punktujace values(12, 'bydg', 22, 1);
INSERT INTO punktujace values(13, 'bydg', 22, 1);
INSERT INTO punktujace values(1, 'alubb', 22, 24);
INSERT INTO punktujace values(2, 'alubb', 22, 11);
INSERT INTO punktujace values(3, 'alubb', 22, 17);
INSERT INTO punktujace values(5, 'alubb', 22, 1);
INSERT INTO punktujace values(6, 'alubb', 22, 10);
INSERT INTO punktujace values(7, 'alubb', 22, 3);
INSERT INTO punktujace values(8, 'alubb', 22, 2);
INSERT INTO punktujace values(10, 'alubb', 22, 5);
INSERT INTO punktujace values(11, 'alubb', 22, 1);
INSERT INTO punktujace values(12, 'alubb', 22, 6);
INSERT INTO punktujace values(13, 'alubb', 22, 11);
INSERT INTO punktujace values(3, 'mksdg', 23, 12);
INSERT INTO punktujace values(5, 'mksdg', 23, 9);
INSERT INTO punktujace values(6, 'mksdg', 23, 6);
INSERT INTO punktujace values(7, 'mksdg', 23, 8);
INSERT INTO punktujace values(8, 'mksdg', 23, 13);
INSERT INTO punktujace values(11, 'mksdg', 23, 5);
INSERT INTO punktujace values(13, 'mksdg', 23, 8);
INSERT INTO punktujace values(1, 'musz', 23, 1);
INSERT INTO punktujace values(3, 'musz', 23, 11);
INSERT INTO punktujace values(4, 'musz', 23, 2);
INSERT INTO punktujace values(6, 'musz', 23, 4);
INSERT INTO punktujace values(7, 'musz', 23, 1);
INSERT INTO punktujace values(9, 'musz', 23, 1);
INSERT INTO punktujace values(10, 'musz', 23, 4);
INSERT INTO punktujace values(11, 'musz', 23, 7);
INSERT INTO punktujace values(12, 'musz', 23, 7);
INSERT INTO punktujace values(16, 'musz', 23, 1);
INSERT INTO punktujace values(4, 'stal', 24, 12);
INSERT INTO punktujace values(5, 'stal', 24, 20);
INSERT INTO punktujace values(8, 'stal', 24, 8);
INSERT INTO punktujace values(9, 'stal', 24, 18);
INSERT INTO punktujace values(10, 'stal', 24, 7);
INSERT INTO punktujace values(11, 'stal', 24, 2);
INSERT INTO punktujace values(16, 'stal', 24, 19);
INSERT INTO punktujace values(1, 'gward', 24, 1);
INSERT INTO punktujace values(2, 'gward', 24, 31);
INSERT INTO punktujace values(6, 'gward', 24, 5);
INSERT INTO punktujace values(9, 'gward', 24, 7);
INSERT INTO punktujace values(10, 'gward', 24, 7);
INSERT INTO punktujace values(12, 'gward', 24, 6);
INSERT INTO punktujace values(13, 'gward', 24, 3);
INSERT INTO punktujace values(16, 'gward', 24, 6);
INSERT INTO punktujace values(1, 'azsbi', 25, 11);
INSERT INTO punktujace values(3, 'azsbi', 25, 8);
INSERT INTO punktujace values(5, 'azsbi', 25, 19);
INSERT INTO punktujace values(6, 'azsbi', 25, 6);
INSERT INTO punktujace values(7, 'azsbi', 25, 3);
INSERT INTO punktujace values(17, 'azsbi', 25, 7);
INSERT INTO punktujace values(1, 'gedan', 25, 6);
INSERT INTO punktujace values(5, 'gedan', 25, 6);
INSERT INTO punktujace values(8, 'gedan', 25, 2);
INSERT INTO punktujace values(9, 'gedan', 25, 5);
INSERT INTO punktujace values(14, 'gedan', 25, 10);
INSERT INTO punktujace values(15, 'gedan', 25, 2);
INSERT INTO punktujace values(17, 'gedan', 25, 4);
INSERT INTO punktujace values(1, 'organ', 26, 1);
INSERT INTO punktujace values(3, 'organ', 26, 9);
INSERT INTO punktujace values(4, 'organ', 26, 3);
INSERT INTO punktujace values(5, 'organ', 26, 6);
INSERT INTO punktujace values(6, 'organ', 26, 1);
INSERT INTO punktujace values(8, 'organ', 26, 3);
INSERT INTO punktujace values(9, 'organ', 26, 2);
INSERT INTO punktujace values(10, 'organ', 26, 3);
INSERT INTO punktujace values(13, 'organ', 26, 7);
INSERT INTO punktujace values(14, 'organ', 26, 6);
INSERT INTO punktujace values(18, 'organ', 26, 8);
INSERT INTO punktujace values(1, 'gedan', 26, 8);
INSERT INTO punktujace values(4, 'gedan', 26, 10);
INSERT INTO punktujace values(8, 'gedan', 26, 1);
INSERT INTO punktujace values(9, 'gedan', 26, 5);
INSERT INTO punktujace values(12, 'gedan', 26, 1);
INSERT INTO punktujace values(14, 'gedan', 26, 13);
INSERT INTO punktujace values(15, 'gedan', 26, 1);
INSERT INTO punktujace values(17, 'gedan', 26, 3);
INSERT INTO punktujace values(4, 'stal', 27, 17);
INSERT INTO punktujace values(5, 'stal', 27, 16);
INSERT INTO punktujace values(8, 'stal', 27, 2);
INSERT INTO punktujace values(9, 'stal', 27, 18);
INSERT INTO punktujace values(10, 'stal', 27, 26);
INSERT INTO punktujace values(11, 'stal', 27, 1);
INSERT INTO punktujace values(16, 'stal', 27, 6);
INSERT INTO punktujace values(1, 'azsbi', 27, 16);
INSERT INTO punktujace values(3, 'azsbi', 27, 25);
INSERT INTO punktujace values(5, 'azsbi', 27, 12);
INSERT INTO punktujace values(6, 'azsbi', 27, 5);
INSERT INTO punktujace values(7, 'azsbi', 27, 2);
INSERT INTO punktujace values(9, 'azsbi', 27, 4);
INSERT INTO punktujace values(10, 'azsbi', 27, 2);
INSERT INTO punktujace values(17, 'azsbi', 27, 9);
INSERT INTO punktujace values(3, 'musz', 28, 4);
INSERT INTO punktujace values(4, 'musz', 28, 7);
INSERT INTO punktujace values(6, 'musz', 28, 4);
INSERT INTO punktujace values(7, 'musz', 28, 4);
INSERT INTO punktujace values(9, 'musz', 28, 8);
INSERT INTO punktujace values(10, 'musz', 28, 6);
INSERT INTO punktujace values(11, 'musz', 28, 14);
INSERT INTO punktujace values(12, 'musz', 28, 13);
INSERT INTO punktujace values(16, 'musz', 28, 14);
INSERT INTO punktujace values(1, 'gward', 28, 2);
INSERT INTO punktujace values(2, 'gward', 28, 20);
INSERT INTO punktujace values(6, 'gward', 28, 14);
INSERT INTO punktujace values(10, 'gward', 28, 16);
INSERT INTO punktujace values(12, 'gward', 28, 7);
INSERT INTO punktujace values(15, 'gward', 28, 9);
INSERT INTO punktujace values(16, 'gward', 28, 8);
INSERT INTO punktujace values(1, 'alubb', 29, 19);
INSERT INTO punktujace values(2, 'alubb', 29, 3);
INSERT INTO punktujace values(3, 'alubb', 29, 8);
INSERT INTO punktujace values(5, 'alubb', 29, 14);
INSERT INTO punktujace values(8, 'alubb', 29, 1);
INSERT INTO punktujace values(10, 'alubb', 29, 8);
INSERT INTO punktujace values(11, 'alubb', 29, 2);
INSERT INTO punktujace values(1, 'mksdg', 29, 4);
INSERT INTO punktujace values(3, 'mksdg', 29, 6);
INSERT INTO punktujace values(6, 'mksdg', 29, 2);
INSERT INTO punktujace values(7, 'mksdg', 29, 1);
INSERT INTO punktujace values(8, 'mksdg', 29, 5);
INSERT INTO punktujace values(9, 'mksdg', 29, 6);
INSERT INTO punktujace values(11, 'mksdg', 29, 4);
INSERT INTO punktujace values(12, 'mksdg', 29, 1);
INSERT INTO punktujace values(1, 'pila', 30, 16);
INSERT INTO punktujace values(2, 'pila', 30, 11);
INSERT INTO punktujace values(3, 'pila', 30, 8);
INSERT INTO punktujace values(5, 'pila', 30, 20);
INSERT INTO punktujace values(7, 'pila', 30, 5);
INSERT INTO punktujace values(12, 'pila', 30, 20);
INSERT INTO punktujace values(1, 'bydg', 30, 7);
INSERT INTO punktujace values(2, 'bydg', 30, 3);
INSERT INTO punktujace values(3, 'bydg', 30, 9);
INSERT INTO punktujace values(4, 'bydg', 30, 8);
INSERT INTO punktujace values(5, 'bydg', 30, 9);
INSERT INTO punktujace values(6, 'bydg', 30, 2);
INSERT INTO punktujace values(7, 'bydg', 30, 2);
INSERT INTO punktujace values(9, 'bydg', 30, 7);
INSERT INTO punktujace values(10, 'bydg', 30, 2);
INSERT INTO punktujace values(12, 'bydg', 30, 2);
INSERT INTO punktujace values(1, 'bydg', 31, 6);
INSERT INTO punktujace values(2, 'bydg', 31, 13);
INSERT INTO punktujace values(3, 'bydg', 31, 3);
INSERT INTO punktujace values(5, 'bydg', 31, 8);
INSERT INTO punktujace values(7, 'bydg', 31, 3);
INSERT INTO punktujace values(10, 'bydg', 31, 6);
INSERT INTO punktujace values(12, 'bydg', 31, 3);
INSERT INTO punktujace values(3, 'organ', 31, 11);
INSERT INTO punktujace values(4, 'organ', 31, 1);
INSERT INTO punktujace values(5, 'organ', 31, 8);
INSERT INTO punktujace values(7, 'organ', 31, 7);
INSERT INTO punktujace values(8, 'organ', 31, 3);
INSERT INTO punktujace values(13, 'organ', 31, 9);
INSERT INTO punktujace values(14, 'organ', 31, 10);
INSERT INTO punktujace values(18, 'organ', 31, 5);
INSERT INTO punktujace values(1, 'mksdg', 32, 1);
INSERT INTO punktujace values(3, 'mksdg', 32, 13);
INSERT INTO punktujace values(5, 'mksdg', 32, 18);
INSERT INTO punktujace values(6, 'mksdg', 32, 3);
INSERT INTO punktujace values(7, 'mksdg', 32, 10);
INSERT INTO punktujace values(8, 'mksdg', 32, 18);
INSERT INTO punktujace values(9, 'mksdg', 32, 11);
INSERT INTO punktujace values(11, 'mksdg', 32, 4);
INSERT INTO punktujace values(12, 'mksdg', 32, 2);
INSERT INTO punktujace values(1, 'pila', 32, 12);
INSERT INTO punktujace values(2, 'pila', 32, 17);
INSERT INTO punktujace values(3, 'pila', 32, 1);
INSERT INTO punktujace values(5, 'pila', 32, 15);
INSERT INTO punktujace values(7, 'pila', 32, 3);
INSERT INTO punktujace values(8, 'pila', 32, 8);
INSERT INTO punktujace values(12, 'pila', 32, 11);
INSERT INTO punktujace values(2, 'gward', 33, 18);
INSERT INTO punktujace values(6, 'gward', 33, 9);
INSERT INTO punktujace values(9, 'gward', 33, 1);
INSERT INTO punktujace values(10, 'gward', 33, 5);
INSERT INTO punktujace values(12, 'gward', 33, 6);
INSERT INTO punktujace values(13, 'gward', 33, 12);
INSERT INTO punktujace values(16, 'gward', 33, 5);
INSERT INTO punktujace values(1, 'alubb', 33, 22);
INSERT INTO punktujace values(2, 'alubb', 33, 8);
INSERT INTO punktujace values(3, 'alubb', 33, 15);
INSERT INTO punktujace values(5, 'alubb', 33, 16);
INSERT INTO punktujace values(7, 'alubb', 33, 3);
INSERT INTO punktujace values(8, 'alubb', 33, 2);
INSERT INTO punktujace values(10, 'alubb', 33, 9);
INSERT INTO punktujace values(1, 'azsbi', 34, 8);
INSERT INTO punktujace values(3, 'azsbi', 34, 7);
INSERT INTO punktujace values(5, 'azsbi', 34, 8);
INSERT INTO punktujace values(7, 'azsbi', 34, 2);
INSERT INTO punktujace values(9, 'azsbi', 34, 1);
INSERT INTO punktujace values(10, 'azsbi', 34, 5);
INSERT INTO punktujace values(17, 'azsbi', 34, 7);
INSERT INTO punktujace values(1, 'musz', 34, 6);
INSERT INTO punktujace values(3, 'musz', 34, 10);
INSERT INTO punktujace values(5, 'musz', 34, 2);
INSERT INTO punktujace values(6, 'musz', 34, 12);
INSERT INTO punktujace values(10, 'musz', 34, 3);
INSERT INTO punktujace values(11, 'musz', 34, 8);
INSERT INTO punktujace values(12, 'musz', 34, 7);
INSERT INTO punktujace values(16, 'musz', 34, 11);
INSERT INTO punktujace values(1, 'gedan', 35, 7);
INSERT INTO punktujace values(4, 'gedan', 35, 10);
INSERT INTO punktujace values(9, 'gedan', 35, 6);
INSERT INTO punktujace values(14, 'gedan', 35, 7);
INSERT INTO punktujace values(15, 'gedan', 35, 3);
INSERT INTO punktujace values(17, 'gedan', 35, 6);
INSERT INTO punktujace values(3, 'stal', 35, 2);
INSERT INTO punktujace values(4, 'stal', 35, 10);
INSERT INTO punktujace values(5, 'stal', 35, 12);
INSERT INTO punktujace values(6, 'stal', 35, 2);
INSERT INTO punktujace values(7, 'stal', 35, 1);
INSERT INTO punktujace values(8, 'stal', 35, 1);
INSERT INTO punktujace values(9, 'stal', 35, 11);
INSERT INTO punktujace values(10, 'stal', 35, 10);
INSERT INTO punktujace values(16, 'stal', 35, 7);
INSERT INTO punktujace values(3, 'organ', 36, 12);
INSERT INTO punktujace values(4, 'organ', 36, 4);
INSERT INTO punktujace values(5, 'organ', 36, 12);
INSERT INTO punktujace values(6, 'organ', 36, 2);
INSERT INTO punktujace values(7, 'organ', 36, 11);
INSERT INTO punktujace values(8, 'organ', 36, 4);
INSERT INTO punktujace values(10, 'organ', 36, 5);
INSERT INTO punktujace values(14, 'organ', 36, 5);
INSERT INTO punktujace values(18, 'organ', 36, 22);
INSERT INTO punktujace values(4, 'stal', 36, 15);
INSERT INTO punktujace values(5, 'stal', 36, 21);
INSERT INTO punktujace values(8, 'stal', 36, 7);
INSERT INTO punktujace values(9, 'stal', 36, 18);
INSERT INTO punktujace values(10, 'stal', 36, 11);
INSERT INTO punktujace values(11, 'stal', 36, 2);
INSERT INTO punktujace values(16, 'stal', 36, 6);
INSERT INTO punktujace values(3, 'musz', 37, 17);
INSERT INTO punktujace values(4, 'musz', 37, 6);
INSERT INTO punktujace values(5, 'musz', 37, 10);
INSERT INTO punktujace values(6, 'musz', 37, 6);
INSERT INTO punktujace values(7, 'musz', 37, 11);
INSERT INTO punktujace values(10, 'musz', 37, 1);
INSERT INTO punktujace values(11, 'musz', 37, 7);
INSERT INTO punktujace values(1, 'gedan', 37, 9);
INSERT INTO punktujace values(4, 'gedan', 37, 7);
INSERT INTO punktujace values(9, 'gedan', 37, 9);
INSERT INTO punktujace values(14, 'gedan', 37, 7);
INSERT INTO punktujace values(15, 'gedan', 37, 1);
INSERT INTO punktujace values(17, 'gedan', 37, 7);
INSERT INTO punktujace values(2, 'alubb', 38, 9);
INSERT INTO punktujace values(3, 'alubb', 38, 7);
INSERT INTO punktujace values(5, 'alubb', 38, 6);
INSERT INTO punktujace values(6, 'alubb', 38, 2);
INSERT INTO punktujace values(7, 'alubb', 38, 9);
INSERT INTO punktujace values(8, 'alubb', 38, 1);
INSERT INTO punktujace values(10, 'alubb', 38, 1);
INSERT INTO punktujace values(11, 'alubb', 38, 1);
INSERT INTO punktujace values(12, 'alubb', 38, 8);
INSERT INTO punktujace values(13, 'alubb', 38, 14);
INSERT INTO punktujace values(1, 'azsbi', 38, 4);
INSERT INTO punktujace values(3, 'azsbi', 38, 13);
INSERT INTO punktujace values(5, 'azsbi', 38, 3);
INSERT INTO punktujace values(7, 'azsbi', 38, 3);
INSERT INTO punktujace values(9, 'azsbi', 38, 4);
INSERT INTO punktujace values(10, 'azsbi', 38, 3);
INSERT INTO punktujace values(17, 'azsbi', 38, 6);
INSERT INTO punktujace values(1, 'pila', 39, 15);
INSERT INTO punktujace values(2, 'pila', 39, 9);
INSERT INTO punktujace values(3, 'pila', 39, 12);
INSERT INTO punktujace values(5, 'pila', 39, 19);
INSERT INTO punktujace values(6, 'pila', 39, 1);
INSERT INTO punktujace values(7, 'pila', 39, 4);
INSERT INTO punktujace values(12, 'pila', 39, 13);
INSERT INTO punktujace values(2, 'gward', 39, 15);
INSERT INTO punktujace values(6, 'gward', 39, 13);
INSERT INTO punktujace values(10, 'gward', 39, 11);
INSERT INTO punktujace values(12, 'gward', 39, 11);
INSERT INTO punktujace values(13, 'gward', 39, 9);
INSERT INTO punktujace values(15, 'gward', 39, 8);
INSERT INTO punktujace values(16, 'gward', 39, 4);
INSERT INTO punktujace values(1, 'bydg', 40, 10);
INSERT INTO punktujace values(2, 'bydg', 40, 11);
INSERT INTO punktujace values(3, 'bydg', 40, 11);
INSERT INTO punktujace values(5, 'bydg', 40, 6);
INSERT INTO punktujace values(6, 'bydg', 40, 1);
INSERT INTO punktujace values(10, 'bydg', 40, 11);
INSERT INTO punktujace values(12, 'bydg', 40, 1);
INSERT INTO punktujace values(14, 'bydg', 40, 1);
INSERT INTO punktujace values(1, 'mksdg', 40, 1);
INSERT INTO punktujace values(3, 'mksdg', 40, 8);
INSERT INTO punktujace values(5, 'mksdg', 40, 17);
INSERT INTO punktujace values(6, 'mksdg', 40, 21);
INSERT INTO punktujace values(8, 'mksdg', 40, 14);
INSERT INTO punktujace values(9, 'mksdg', 40, 6);
INSERT INTO punktujace values(12, 'mksdg', 40, 3);
INSERT INTO punktujace values(1, 'mksdg', 41, 8);
INSERT INTO punktujace values(5, 'mksdg', 41, 8);
INSERT INTO punktujace values(6, 'mksdg', 41, 4);
INSERT INTO punktujace values(7, 'mksdg', 41, 1);
INSERT INTO punktujace values(8, 'mksdg', 41, 6);
INSERT INTO punktujace values(9, 'mksdg', 41, 6);
INSERT INTO punktujace values(11, 'mksdg', 41, 1);
INSERT INTO punktujace values(12, 'mksdg', 41, 2);
INSERT INTO punktujace values(3, 'organ', 41, 15);
INSERT INTO punktujace values(5, 'organ', 41, 11);
INSERT INTO punktujace values(6, 'organ', 41, 3);
INSERT INTO punktujace values(7, 'organ', 41, 13);
INSERT INTO punktujace values(8, 'organ', 41, 4);
INSERT INTO punktujace values(14, 'organ', 41, 9);
INSERT INTO punktujace values(18, 'organ', 41, 3);
INSERT INTO punktujace values(2, 'gward', 42, 28);
INSERT INTO punktujace values(6, 'gward', 42, 19);
INSERT INTO punktujace values(9, 'gward', 42, 1);
INSERT INTO punktujace values(10, 'gward', 42, 13);
INSERT INTO punktujace values(12, 'gward', 42, 7);
INSERT INTO punktujace values(13, 'gward', 42, 1);
INSERT INTO punktujace values(15, 'gward', 42, 7);
INSERT INTO punktujace values(16, 'gward', 42, 9);
INSERT INTO punktujace values(1, 'bydg', 42, 10);
INSERT INTO punktujace values(2, 'bydg', 42, 16);
INSERT INTO punktujace values(3, 'bydg', 42, 7);
INSERT INTO punktujace values(5, 'bydg', 42, 7);
INSERT INTO punktujace values(7, 'bydg', 42, 2);
INSERT INTO punktujace values(10, 'bydg', 42, 17);
INSERT INTO punktujace values(12, 'bydg', 42, 1);
INSERT INTO punktujace values(14, 'bydg', 42, 3);
INSERT INTO punktujace values(1, 'azsbi', 43, 9);
INSERT INTO punktujace values(3, 'azsbi', 43, 24);
INSERT INTO punktujace values(5, 'azsbi', 43, 20);
INSERT INTO punktujace values(6, 'azsbi', 43, 2);
INSERT INTO punktujace values(7, 'azsbi', 43, 1);
INSERT INTO punktujace values(9, 'azsbi', 43, 1);
INSERT INTO punktujace values(10, 'azsbi', 43, 2);
INSERT INTO punktujace values(17, 'azsbi', 43, 14);
INSERT INTO punktujace values(1, 'pila', 43, 11);
INSERT INTO punktujace values(2, 'pila', 43, 7);
INSERT INTO punktujace values(3, 'pila', 43, 8);
INSERT INTO punktujace values(4, 'pila', 43, 1);
INSERT INTO punktujace values(5, 'pila', 43, 14);
INSERT INTO punktujace values(7, 'pila', 43, 2);
INSERT INTO punktujace values(8, 'pila', 43, 4);
INSERT INTO punktujace values(11, 'pila', 43, 3);
INSERT INTO punktujace values(12, 'pila', 43, 13);
INSERT INTO punktujace values(1, 'gedan', 44, 6);
INSERT INTO punktujace values(4, 'gedan', 44, 11);
INSERT INTO punktujace values(9, 'gedan', 44, 1);
INSERT INTO punktujace values(14, 'gedan', 44, 13);
INSERT INTO punktujace values(17, 'gedan', 44, 6);
INSERT INTO punktujace values(2, 'alubb', 44, 10);
INSERT INTO punktujace values(3, 'alubb', 44, 7);
INSERT INTO punktujace values(5, 'alubb', 44, 12);
INSERT INTO punktujace values(6, 'alubb', 44, 2);
INSERT INTO punktujace values(8, 'alubb', 44, 2);
INSERT INTO punktujace values(10, 'alubb', 44, 9);
INSERT INTO punktujace values(12, 'alubb', 44, 15);
INSERT INTO punktujace values(5, 'stal', 45, 8);
INSERT INTO punktujace values(8, 'stal', 45, 1);
INSERT INTO punktujace values(9, 'stal', 45, 4);
INSERT INTO punktujace values(10, 'stal', 45, 5);
INSERT INTO punktujace values(11, 'stal', 45, 15);
INSERT INTO punktujace values(16, 'stal', 45, 8);
INSERT INTO punktujace values(1, 'musz', 45, 6);
INSERT INTO punktujace values(3, 'musz', 45, 3);
INSERT INTO punktujace values(4, 'musz', 45, 3);
INSERT INTO punktujace values(5, 'musz', 45, 2);
INSERT INTO punktujace values(6, 'musz', 45, 10);
INSERT INTO punktujace values(7, 'musz', 45, 10);
INSERT INTO punktujace values(10, 'musz', 45, 5);
INSERT INTO punktujace values(11, 'musz', 45, 8);
INSERT INTO punktujace values(16, 'musz', 45, 13);
INSERT INTO punktujace values(3, 'musz', 46, 10);
INSERT INTO punktujace values(4, 'musz', 46, 13);
INSERT INTO punktujace values(5, 'musz', 46, 2);
INSERT INTO punktujace values(6, 'musz', 46, 12);
INSERT INTO punktujace values(7, 'musz', 46, 13);
INSERT INTO punktujace values(9, 'musz', 46, 2);
INSERT INTO punktujace values(12, 'musz', 46, 3);
INSERT INTO punktujace values(16, 'musz', 46, 16);
INSERT INTO punktujace values(3, 'organ', 46, 9);
INSERT INTO punktujace values(4, 'organ', 46, 5);
INSERT INTO punktujace values(5, 'organ', 46, 9);
INSERT INTO punktujace values(7, 'organ', 46, 12);
INSERT INTO punktujace values(8, 'organ', 46, 2);
INSERT INTO punktujace values(14, 'organ', 46, 7);
INSERT INTO punktujace values(18, 'organ', 46, 17);
INSERT INTO punktujace values(5, 'stal', 47, 4);
INSERT INTO punktujace values(6, 'stal', 47, 6);
INSERT INTO punktujace values(8, 'stal', 47, 1);
INSERT INTO punktujace values(9, 'stal', 47, 13);
INSERT INTO punktujace values(10, 'stal', 47, 12);
INSERT INTO punktujace values(11, 'stal', 47, 16);
INSERT INTO punktujace values(16, 'stal', 47, 9);
INSERT INTO punktujace values(1, 'alubb', 47, 15);
INSERT INTO punktujace values(2, 'alubb', 47, 5);
INSERT INTO punktujace values(3, 'alubb', 47, 10);
INSERT INTO punktujace values(5, 'alubb', 47, 4);
INSERT INTO punktujace values(6, 'alubb', 47, 5);
INSERT INTO punktujace values(7, 'alubb', 47, 13);
INSERT INTO punktujace values(8, 'alubb', 47, 1);
INSERT INTO punktujace values(10, 'alubb', 47, 4);
INSERT INTO punktujace values(12, 'alubb', 47, 16);
INSERT INTO punktujace values(1, 'gedan', 48, 9);
INSERT INTO punktujace values(4, 'gedan', 48, 10);
INSERT INTO punktujace values(5, 'gedan', 48, 2);
INSERT INTO punktujace values(8, 'gedan', 48, 1);
INSERT INTO punktujace values(9, 'gedan', 48, 6);
INSERT INTO punktujace values(14, 'gedan', 48, 9);
INSERT INTO punktujace values(17, 'gedan', 48, 5);
INSERT INTO punktujace values(1, 'pila', 48, 7);
INSERT INTO punktujace values(2, 'pila', 48, 5);
INSERT INTO punktujace values(4, 'pila', 48, 1);
INSERT INTO punktujace values(5, 'pila', 48, 21);
INSERT INTO punktujace values(8, 'pila', 48, 7);
INSERT INTO punktujace values(12, 'pila', 48, 16);
INSERT INTO punktujace values(1, 'azsbi', 49, 21);
INSERT INTO punktujace values(3, 'azsbi', 49, 12);
INSERT INTO punktujace values(5, 'azsbi', 49, 20);
INSERT INTO punktujace values(6, 'azsbi', 49, 6);
INSERT INTO punktujace values(7, 'azsbi', 49, 5);
INSERT INTO punktujace values(9, 'azsbi', 49, 1);
INSERT INTO punktujace values(11, 'azsbi', 49, 1);
INSERT INTO punktujace values(17, 'azsbi', 49, 17);
INSERT INTO punktujace values(1, 'bydg', 49, 13);
INSERT INTO punktujace values(2, 'bydg', 49, 24);
INSERT INTO punktujace values(3, 'bydg', 49, 14);
INSERT INTO punktujace values(5, 'bydg', 49, 12);
INSERT INTO punktujace values(6, 'bydg', 49, 1);
INSERT INTO punktujace values(9, 'bydg', 49, 3);
INSERT INTO punktujace values(10, 'bydg', 49, 14);
INSERT INTO punktujace values(14, 'bydg', 49, 8);
INSERT INTO punktujace values(2, 'gward', 50, 16);
INSERT INTO punktujace values(6, 'gward', 50, 6);
INSERT INTO punktujace values(9, 'gward', 50, 7);
INSERT INTO punktujace values(10, 'gward', 50, 22);
INSERT INTO punktujace values(12, 'gward', 50, 6);
INSERT INTO punktujace values(13, 'gward', 50, 3);
INSERT INTO punktujace values(16, 'gward', 50, 11);
INSERT INTO punktujace values(1, 'mksdg', 50, 16);
INSERT INTO punktujace values(3, 'mksdg', 50, 11);
INSERT INTO punktujace values(5, 'mksdg', 50, 4);
INSERT INTO punktujace values(6, 'mksdg', 50, 13);
INSERT INTO punktujace values(7, 'mksdg', 50, 2);
INSERT INTO punktujace values(8, 'mksdg', 50, 15);
INSERT INTO punktujace values(9, 'mksdg', 50, 10);
INSERT INTO punktujace values(12, 'mksdg', 50, 2);
INSERT INTO punktujace values(2, 'gward', 51, 21);
INSERT INTO punktujace values(6, 'gward', 51, 8);
INSERT INTO punktujace values(10, 'gward', 51, 11);
INSERT INTO punktujace values(12, 'gward', 51, 3);
INSERT INTO punktujace values(13, 'gward', 51, 1);
INSERT INTO punktujace values(15, 'gward', 51, 6);
INSERT INTO punktujace values(16, 'gward', 51, 8);
INSERT INTO punktujace values(3, 'organ', 51, 16);
INSERT INTO punktujace values(5, 'organ', 51, 3);
INSERT INTO punktujace values(7, 'organ', 51, 12);
INSERT INTO punktujace values(8, 'organ', 51, 4);
INSERT INTO punktujace values(13, 'organ', 51, 11);
INSERT INTO punktujace values(14, 'organ', 51, 8);
INSERT INTO punktujace values(18, 'organ', 51, 16);
INSERT INTO punktujace values(3, 'mksdg', 52, 12);
INSERT INTO punktujace values(5, 'mksdg', 52, 8);
INSERT INTO punktujace values(6, 'mksdg', 52, 15);
INSERT INTO punktujace values(7, 'mksdg', 52, 7);
INSERT INTO punktujace values(8, 'mksdg', 52, 1);
INSERT INTO punktujace values(11, 'mksdg', 52, 6);
INSERT INTO punktujace values(12, 'mksdg', 52, 1);
INSERT INTO punktujace values(13, 'mksdg', 52, 6);
INSERT INTO punktujace values(2, 'azsbi', 52, 1);
INSERT INTO punktujace values(3, 'azsbi', 52, 8);
INSERT INTO punktujace values(4, 'azsbi', 52, 1);
INSERT INTO punktujace values(5, 'azsbi', 52, 13);
INSERT INTO punktujace values(7, 'azsbi', 52, 1);
INSERT INTO punktujace values(9, 'azsbi', 52, 10);
INSERT INTO punktujace values(10, 'azsbi', 52, 9);
INSERT INTO punktujace values(17, 'azsbi', 52, 7);
INSERT INTO punktujace values(2, 'bydg', 53, 16);
INSERT INTO punktujace values(3, 'bydg', 53, 7);
INSERT INTO punktujace values(5, 'bydg', 53, 12);
INSERT INTO punktujace values(7, 'bydg', 53, 1);
INSERT INTO punktujace values(8, 'bydg', 53, 1);
INSERT INTO punktujace values(10, 'bydg', 53, 9);
INSERT INTO punktujace values(12, 'bydg', 53, 8);
INSERT INTO punktujace values(1, 'gedan', 53, 8);
INSERT INTO punktujace values(4, 'gedan', 53, 8);
INSERT INTO punktujace values(5, 'gedan', 53, 1);
INSERT INTO punktujace values(9, 'gedan', 53, 3);
INSERT INTO punktujace values(14, 'gedan', 53, 11);
INSERT INTO punktujace values(15, 'gedan', 53, 3);
INSERT INTO punktujace values(17, 'gedan', 53, 5);
INSERT INTO punktujace values(1, 'pila', 54, 13);
INSERT INTO punktujace values(2, 'pila', 54, 17);
INSERT INTO punktujace values(3, 'pila', 54, 15);
INSERT INTO punktujace values(4, 'pila', 54, 1);
INSERT INTO punktujace values(5, 'pila', 54, 16);
INSERT INTO punktujace values(7, 'pila', 54, 4);
INSERT INTO punktujace values(12, 'pila', 54, 15);
INSERT INTO punktujace values(4, 'stal', 54, 25);
INSERT INTO punktujace values(5, 'stal', 54, 15);
INSERT INTO punktujace values(8, 'stal', 54, 2);
INSERT INTO punktujace values(9, 'stal', 54, 15);
INSERT INTO punktujace values(10, 'stal', 54, 13);
INSERT INTO punktujace values(16, 'stal', 54, 8);
INSERT INTO punktujace values(1, 'alubb', 55, 10);
INSERT INTO punktujace values(2, 'alubb', 55, 10);
INSERT INTO punktujace values(5, 'alubb', 55, 21);
INSERT INTO punktujace values(7, 'alubb', 55, 4);
INSERT INTO punktujace values(10, 'alubb', 55, 6);
INSERT INTO punktujace values(12, 'alubb', 55, 8);
INSERT INTO punktujace values(13, 'alubb', 55, 11);
INSERT INTO punktujace values(1, 'musz', 55, 5);
INSERT INTO punktujace values(3, 'musz', 55, 7);
INSERT INTO punktujace values(4, 'musz', 55, 3);
INSERT INTO punktujace values(6, 'musz', 55, 12);
INSERT INTO punktujace values(7, 'musz', 55, 4);
INSERT INTO punktujace values(9, 'musz', 55, 1);
INSERT INTO punktujace values(10, 'musz', 55, 10);
INSERT INTO punktujace values(11, 'musz', 55, 12);
INSERT INTO punktujace values(12, 'musz', 55, 6);
INSERT INTO punktujace values(16, 'musz', 55, 7);
INSERT INTO punktujace values(3, 'organ', 56, 15);
INSERT INTO punktujace values(5, 'organ', 56, 5);
INSERT INTO punktujace values(6, 'organ', 56, 2);
INSERT INTO punktujace values(7, 'organ', 56, 8);
INSERT INTO punktujace values(8, 'organ', 56, 10);
INSERT INTO punktujace values(10, 'organ', 56, 3);
INSERT INTO punktujace values(13, 'organ', 56, 2);
INSERT INTO punktujace values(14, 'organ', 56, 4);
INSERT INTO punktujace values(18, 'organ', 56, 16);
INSERT INTO punktujace values(1, 'alubb', 56, 14);
INSERT INTO punktujace values(2, 'alubb', 56, 5);
INSERT INTO punktujace values(3, 'alubb', 56, 3);
INSERT INTO punktujace values(5, 'alubb', 56, 10);
INSERT INTO punktujace values(7, 'alubb', 56, 9);
INSERT INTO punktujace values(8, 'alubb', 56, 4);
INSERT INTO punktujace values(10, 'alubb', 56, 3);
INSERT INTO punktujace values(11, 'alubb', 56, 4);
INSERT INTO punktujace values(12, 'alubb', 56, 7);
INSERT INTO punktujace values(13, 'alubb', 56, 18);
INSERT INTO punktujace values(1, 'musz', 57, 5);
INSERT INTO punktujace values(3, 'musz', 57, 12);
INSERT INTO punktujace values(4, 'musz', 57, 8);
INSERT INTO punktujace values(5, 'musz', 57, 1);
INSERT INTO punktujace values(7, 'musz', 57, 6);
INSERT INTO punktujace values(11, 'musz', 57, 7);
INSERT INTO punktujace values(12, 'musz', 57, 3);
INSERT INTO punktujace values(16, 'musz', 57, 17);
INSERT INTO punktujace values(1, 'pila', 57, 6);
INSERT INTO punktujace values(2, 'pila', 57, 8);
INSERT INTO punktujace values(3, 'pila', 57, 6);
INSERT INTO punktujace values(4, 'pila', 57, 1);
INSERT INTO punktujace values(5, 'pila', 57, 12);
INSERT INTO punktujace values(8, 'pila', 57, 1);
INSERT INTO punktujace values(12, 'pila', 57, 4);
INSERT INTO punktujace values(4, 'stal', 58, 14);
INSERT INTO punktujace values(5, 'stal', 58, 15);
INSERT INTO punktujace values(8, 'stal', 58, 2);
INSERT INTO punktujace values(9, 'stal', 58, 12);
INSERT INTO punktujace values(10, 'stal', 58, 7);
INSERT INTO punktujace values(16, 'stal', 58, 10);
INSERT INTO punktujace values(2, 'bydg', 58, 11);
INSERT INTO punktujace values(3, 'bydg', 58, 7);
INSERT INTO punktujace values(5, 'bydg', 58, 9);
INSERT INTO punktujace values(7, 'bydg', 58, 2);
INSERT INTO punktujace values(10, 'bydg', 58, 10);
INSERT INTO punktujace values(12, 'bydg', 58, 9);
INSERT INTO punktujace values(14, 'bydg', 58, 1);
INSERT INTO punktujace values(1, 'gedan', 59, 2);
INSERT INTO punktujace values(4, 'gedan', 59, 12);
INSERT INTO punktujace values(8, 'gedan', 59, 1);
INSERT INTO punktujace values(9, 'gedan', 59, 2);
INSERT INTO punktujace values(12, 'gedan', 59, 3);
INSERT INTO punktujace values(14, 'gedan', 59, 9);
INSERT INTO punktujace values(16, 'gedan', 59, 1);
INSERT INTO punktujace values(17, 'gedan', 59, 1);
INSERT INTO punktujace values(1, 'mksdg', 59, 14);
INSERT INTO punktujace values(3, 'mksdg', 59, 12);
INSERT INTO punktujace values(6, 'mksdg', 59, 10);
INSERT INTO punktujace values(8, 'mksdg', 59, 12);
INSERT INTO punktujace values(12, 'mksdg', 59, 1);
INSERT INTO punktujace values(13, 'mksdg', 59, 8);
INSERT INTO punktujace values(1, 'azsbi', 60, 1);
INSERT INTO punktujace values(3, 'azsbi', 60, 29);
INSERT INTO punktujace values(5, 'azsbi', 60, 16);
INSERT INTO punktujace values(7, 'azsbi', 60, 4);
INSERT INTO punktujace values(9, 'azsbi', 60, 11);
INSERT INTO punktujace values(10, 'azsbi', 60, 9);
INSERT INTO punktujace values(17, 'azsbi', 60, 6);
INSERT INTO punktujace values(2, 'gward', 60, 12);
INSERT INTO punktujace values(6, 'gward', 60, 15);
INSERT INTO punktujace values(9, 'gward', 60, 9);
INSERT INTO punktujace values(10, 'gward', 60, 9);
INSERT INTO punktujace values(12, 'gward', 60, 11);
INSERT INTO punktujace values(15, 'gward', 60, 10);
INSERT INTO punktujace values(16, 'gward', 60, 16);
INSERT INTO punktujace values(2, 'azsbi', 61, 4);
INSERT INTO punktujace values(3, 'azsbi', 61, 8);
INSERT INTO punktujace values(5, 'azsbi', 61, 19);
INSERT INTO punktujace values(6, 'azsbi', 61, 3);
INSERT INTO punktujace values(7, 'azsbi', 61, 3);
INSERT INTO punktujace values(9, 'azsbi', 61, 17);
INSERT INTO punktujace values(10, 'azsbi', 61, 11);
INSERT INTO punktujace values(17, 'azsbi', 61, 13);
INSERT INTO punktujace values(3, 'organ', 61, 6);
INSERT INTO punktujace values(4, 'organ', 61, 2);
INSERT INTO punktujace values(5, 'organ', 61, 12);
INSERT INTO punktujace values(6, 'organ', 61, 1);
INSERT INTO punktujace values(7, 'organ', 61, 14);
INSERT INTO punktujace values(8, 'organ', 61, 6);
INSERT INTO punktujace values(10, 'organ', 61, 8);
INSERT INTO punktujace values(13, 'organ', 61, 12);
INSERT INTO punktujace values(14, 'organ', 61, 5);
INSERT INTO punktujace values(18, 'organ', 61, 7);
INSERT INTO punktujace values(1, 'gward', 62, 2);
INSERT INTO punktujace values(6, 'gward', 62, 8);
INSERT INTO punktujace values(9, 'gward', 62, 6);
INSERT INTO punktujace values(10, 'gward', 62, 17);
INSERT INTO punktujace values(12, 'gward', 62, 2);
INSERT INTO punktujace values(15, 'gward', 62, 12);
INSERT INTO punktujace values(16, 'gward', 62, 14);
INSERT INTO punktujace values(1, 'gedan', 62, 3);
INSERT INTO punktujace values(4, 'gedan', 62, 3);
INSERT INTO punktujace values(5, 'gedan', 62, 12);
INSERT INTO punktujace values(9, 'gedan', 62, 6);
INSERT INTO punktujace values(12, 'gedan', 62, 6);
INSERT INTO punktujace values(14, 'gedan', 62, 9);
INSERT INTO punktujace values(15, 'gedan', 62, 5);
INSERT INTO punktujace values(17, 'gedan', 62, 4);
INSERT INTO punktujace values(1, 'mksdg', 63, 14);
INSERT INTO punktujace values(3, 'mksdg', 63, 10);
INSERT INTO punktujace values(5, 'mksdg', 63, 2);
INSERT INTO punktujace values(6, 'mksdg', 63, 8);
INSERT INTO punktujace values(8, 'mksdg', 63, 7);
INSERT INTO punktujace values(13, 'mksdg', 63, 7);
INSERT INTO punktujace values(4, 'stal', 63, 5);
INSERT INTO punktujace values(5, 'stal', 63, 11);
INSERT INTO punktujace values(6, 'stal', 63, 1);
INSERT INTO punktujace values(7, 'stal', 63, 3);
INSERT INTO punktujace values(8, 'stal', 63, 1);
INSERT INTO punktujace values(9, 'stal', 63, 11);
INSERT INTO punktujace values(10, 'stal', 63, 5);
INSERT INTO punktujace values(11, 'stal', 63, 1);
INSERT INTO punktujace values(16, 'stal', 63, 5);
INSERT INTO punktujace values(2, 'bydg', 64, 18);
INSERT INTO punktujace values(3, 'bydg', 64, 17);
INSERT INTO punktujace values(5, 'bydg', 64, 9);
INSERT INTO punktujace values(10, 'bydg', 64, 10);
INSERT INTO punktujace values(12, 'bydg', 64, 7);
INSERT INTO punktujace values(13, 'bydg', 64, 4);
INSERT INTO punktujace values(1, 'musz', 64, 9);
INSERT INTO punktujace values(4, 'musz', 64, 1);
INSERT INTO punktujace values(5, 'musz', 64, 12);
INSERT INTO punktujace values(6, 'musz', 64, 11);
INSERT INTO punktujace values(10, 'musz', 64, 14);
INSERT INTO punktujace values(11, 'musz', 64, 9);
INSERT INTO punktujace values(12, 'musz', 64, 3);
INSERT INTO punktujace values(16, 'musz', 64, 18);
INSERT INTO punktujace values(1, 'pila', 65, 8);
INSERT INTO punktujace values(2, 'pila', 65, 5);
INSERT INTO punktujace values(3, 'pila', 65, 9);
INSERT INTO punktujace values(4, 'pila', 65, 1);
INSERT INTO punktujace values(5, 'pila', 65, 9);
INSERT INTO punktujace values(12, 'pila', 65, 18);
INSERT INTO punktujace values(2, 'alubb', 65, 9);
INSERT INTO punktujace values(3, 'alubb', 65, 14);
INSERT INTO punktujace values(5, 'alubb', 65, 7);
INSERT INTO punktujace values(6, 'alubb', 65, 1);
INSERT INTO punktujace values(7, 'alubb', 65, 1);
INSERT INTO punktujace values(8, 'alubb', 65, 4);
INSERT INTO punktujace values(10, 'alubb', 65, 4);
INSERT INTO punktujace values(11, 'alubb', 65, 1);
INSERT INTO punktujace values(12, 'alubb', 65, 16);
INSERT INTO punktujace values(13, 'alubb', 65, 3);
INSERT INTO punktujace values(1, 'organ', 66, 1);
INSERT INTO punktujace values(3, 'organ', 66, 10);
INSERT INTO punktujace values(4, 'organ', 66, 2);
INSERT INTO punktujace values(5, 'organ', 66, 9);
INSERT INTO punktujace values(7, 'organ', 66, 19);
INSERT INTO punktujace values(8, 'organ', 66, 9);
INSERT INTO punktujace values(10, 'organ', 66, 6);
INSERT INTO punktujace values(13, 'organ', 66, 13);
INSERT INTO punktujace values(14, 'organ', 66, 6);
INSERT INTO punktujace values(18, 'organ', 66, 6);
INSERT INTO punktujace values(1, 'pila', 66, 2);
INSERT INTO punktujace values(2, 'pila', 66, 15);
INSERT INTO punktujace values(3, 'pila', 66, 10);
INSERT INTO punktujace values(4, 'pila', 66, 3);
INSERT INTO punktujace values(5, 'pila', 66, 25);
INSERT INTO punktujace values(8, 'pila', 66, 3);
INSERT INTO punktujace values(10, 'pila', 66, 1);
INSERT INTO punktujace values(12, 'pila', 66, 15);
INSERT INTO punktujace values(2, 'alubb', 67, 12);
INSERT INTO punktujace values(3, 'alubb', 67, 13);
INSERT INTO punktujace values(5, 'alubb', 67, 32);
INSERT INTO punktujace values(7, 'alubb', 67, 6);
INSERT INTO punktujace values(8, 'alubb', 67, 2);
INSERT INTO punktujace values(10, 'alubb', 67, 6);
INSERT INTO punktujace values(12, 'alubb', 67, 6);
INSERT INTO punktujace values(13, 'alubb', 67, 12);
INSERT INTO punktujace values(1, 'bydg', 67, 6);
INSERT INTO punktujace values(2, 'bydg', 67, 10);
INSERT INTO punktujace values(3, 'bydg', 67, 17);
INSERT INTO punktujace values(5, 'bydg', 67, 23);
INSERT INTO punktujace values(7, 'bydg', 67, 2);
INSERT INTO punktujace values(9, 'bydg', 67, 4);
INSERT INTO punktujace values(10, 'bydg', 67, 10);
INSERT INTO punktujace values(13, 'bydg', 67, 1);
INSERT INTO punktujace values(1, 'musz', 68, 2);
INSERT INTO punktujace values(5, 'musz', 68, 6);
INSERT INTO punktujace values(6, 'musz', 68, 12);
INSERT INTO punktujace values(7, 'musz', 68, 7);
INSERT INTO punktujace values(10, 'musz', 68, 13);
INSERT INTO punktujace values(11, 'musz', 68, 10);
INSERT INTO punktujace values(12, 'musz', 68, 4);
INSERT INTO punktujace values(16, 'musz', 68, 23);
INSERT INTO punktujace values(1, 'mksdg', 68, 9);
INSERT INTO punktujace values(3, 'mksdg', 68, 4);
INSERT INTO punktujace values(5, 'mksdg', 68, 10);
INSERT INTO punktujace values(6, 'mksdg', 68, 11);
INSERT INTO punktujace values(7, 'mksdg', 68, 2);
INSERT INTO punktujace values(8, 'mksdg', 68, 19);
INSERT INTO punktujace values(9, 'mksdg', 68, 5);
INSERT INTO punktujace values(11, 'mksdg', 68, 1);
INSERT INTO punktujace values(12, 'mksdg', 68, 7);
INSERT INTO punktujace values(13, 'mksdg', 68, 11);
INSERT INTO punktujace values(1, 'gward', 69, 1);
INSERT INTO punktujace values(6, 'gward', 69, 26);
INSERT INTO punktujace values(9, 'gward', 69, 7);
INSERT INTO punktujace values(10, 'gward', 69, 16);
INSERT INTO punktujace values(12, 'gward', 69, 2);
INSERT INTO punktujace values(15, 'gward', 69, 5);
INSERT INTO punktujace values(16, 'gward', 69, 17);
INSERT INTO punktujace values(4, 'stal', 69, 5);
INSERT INTO punktujace values(5, 'stal', 69, 13);
INSERT INTO punktujace values(6, 'stal', 69, 1);
INSERT INTO punktujace values(7, 'stal', 69, 5);
INSERT INTO punktujace values(8, 'stal', 69, 3);
INSERT INTO punktujace values(9, 'stal', 69, 14);
INSERT INTO punktujace values(10, 'stal', 69, 17);
INSERT INTO punktujace values(11, 'stal', 69, 8);
INSERT INTO punktujace values(16, 'stal', 69, 9);
INSERT INTO punktujace values(1, 'gedan', 70, 1);
INSERT INTO punktujace values(4, 'gedan', 70, 7);
INSERT INTO punktujace values(5, 'gedan', 70, 11);
INSERT INTO punktujace values(9, 'gedan', 70, 8);
INSERT INTO punktujace values(12, 'gedan', 70, 3);
INSERT INTO punktujace values(14, 'gedan', 70, 9);
INSERT INTO punktujace values(15, 'gedan', 70, 1);
INSERT INTO punktujace values(17, 'gedan', 70, 6);
INSERT INTO punktujace values(3, 'azsbi', 70, 15);
INSERT INTO punktujace values(5, 'azsbi', 70, 13);
INSERT INTO punktujace values(7, 'azsbi', 70, 3);
INSERT INTO punktujace values(9, 'azsbi', 70, 11);
INSERT INTO punktujace values(10, 'azsbi', 70, 13);
INSERT INTO punktujace values(17, 'azsbi', 70, 15);
INSERT INTO punktujace values(1, 'gedan', 71, 11); 
INSERT INTO punktujace values(4, 'gedan', 71, 8); 
INSERT INTO punktujace values(5, 'gedan', 71, 1); 
INSERT INTO punktujace values(7, 'gedan', 71, 3); 
INSERT INTO punktujace values(8, 'gedan', 71, 1); 
INSERT INTO punktujace values(9, 'gedan', 71, 7); 
INSERT INTO punktujace values(12, 'gedan', 71, 1); 
INSERT INTO punktujace values(14, 'gedan', 71, 9); 
INSERT INTO punktujace values(17, 'gedan', 71, 3); 
INSERT INTO punktujace values(1, 'organ', 71, 4); 
INSERT INTO punktujace values(3, 'organ', 71, 6); 
INSERT INTO punktujace values(4, 'organ', 71, 17); 
INSERT INTO punktujace values(6, 'organ', 71, 5); 
INSERT INTO punktujace values(9, 'organ', 71, 6); 
INSERT INTO punktujace values(10, 'organ', 71, 7); 
INSERT INTO punktujace values(13, 'organ', 71, 7); 
INSERT INTO punktujace values(14, 'organ', 71, 2); 
INSERT INTO punktujace values(18, 'organ', 71, 10); 
INSERT INTO punktujace values(3, 'azsbi', 72, 15); 
INSERT INTO punktujace values(5, 'azsbi', 72, 9); 
INSERT INTO punktujace values(7, 'azsbi', 72, 3); 
INSERT INTO punktujace values(9, 'azsbi', 72, 13); 
INSERT INTO punktujace values(10, 'azsbi', 72, 7); 
INSERT INTO punktujace values(17, 'azsbi', 72, 11); 
INSERT INTO punktujace values(4, 'stal', 72, 6); 
INSERT INTO punktujace values(5, 'stal', 72, 13); 
INSERT INTO punktujace values(9, 'stal', 72, 11); 
INSERT INTO punktujace values(10, 'stal', 72, 5); 
INSERT INTO punktujace values(16, 'stal', 72, 10); 
INSERT INTO punktujace values(1, 'gward', 73, 3); 
INSERT INTO punktujace values(6, 'gward', 73, 9); 
INSERT INTO punktujace values(9, 'gward', 73, 12); 
INSERT INTO punktujace values(10, 'gward', 73, 3); 
INSERT INTO punktujace values(13, 'gward', 73, 5); 
INSERT INTO punktujace values(15, 'gward', 73, 1); 
INSERT INTO punktujace values(16, 'gward', 73, 8); 
INSERT INTO punktujace values(1, 'musz', 73, 2); 
INSERT INTO punktujace values(5, 'musz', 73, 9); 
INSERT INTO punktujace values(6, 'musz', 73, 8); 
INSERT INTO punktujace values(7, 'musz', 73, 7); 
INSERT INTO punktujace values(11, 'musz', 73, 9); 
INSERT INTO punktujace values(12, 'musz', 73, 4); 
INSERT INTO punktujace values(16, 'musz', 73, 19); 
INSERT INTO punktujace values(1, 'mksdg', 74, 4); 
INSERT INTO punktujace values(2, 'mksdg', 74, 1); 
INSERT INTO punktujace values(5, 'mksdg', 74, 13); 
INSERT INTO punktujace values(6, 'mksdg', 74, 12); 
INSERT INTO punktujace values(7, 'mksdg', 74, 1); 
INSERT INTO punktujace values(8, 'mksdg', 74, 20); 
INSERT INTO punktujace values(9, 'mksdg', 74, 15); 
INSERT INTO punktujace values(12, 'mksdg', 74, 1); 
INSERT INTO punktujace values(13, 'mksdg', 74, 9); 
INSERT INTO punktujace values(1, 'alubb', 74, 19); 
INSERT INTO punktujace values(2, 'alubb', 74, 9); 
INSERT INTO punktujace values(3, 'alubb', 74, 1); 
INSERT INTO punktujace values(5, 'alubb', 74, 11); 
INSERT INTO punktujace values(7, 'alubb', 74, 1); 
INSERT INTO punktujace values(8, 'alubb', 74, 3); 
INSERT INTO punktujace values(10, 'alubb', 74, 10); 
INSERT INTO punktujace values(11, 'alubb', 74, 1); 
INSERT INTO punktujace values(12, 'alubb', 74, 11); 
INSERT INTO punktujace values(13, 'alubb', 74, 9); 
INSERT INTO punktujace values(1, 'bydg', 75, 7); 
INSERT INTO punktujace values(2, 'bydg', 75, 13); 
INSERT INTO punktujace values(3, 'bydg', 75, 16); 
INSERT INTO punktujace values(5, 'bydg', 75, 20); 
INSERT INTO punktujace values(10, 'bydg', 75, 6); 
INSERT INTO punktujace values(12, 'bydg', 75, 1); 
INSERT INTO punktujace values(2, 'pila', 75, 17); 
INSERT INTO punktujace values(3, 'pila', 75, 13); 
INSERT INTO punktujace values(4, 'pila', 75, 1); 
INSERT INTO punktujace values(5, 'pila', 75, 15); 
INSERT INTO punktujace values(8, 'pila', 75, 3); 
INSERT INTO punktujace values(12, 'pila', 75, 12); 
INSERT INTO punktujace values(3, 'organ', 76, 15);
INSERT INTO punktujace values(4, 'organ', 76, 2);
INSERT INTO punktujace values(5, 'organ', 76, 1);
INSERT INTO punktujace values(7, 'organ', 76, 11);
INSERT INTO punktujace values(8, 'organ', 76, 4);
INSERT INTO punktujace values(14, 'organ', 76, 4);
INSERT INTO punktujace values(18, 'organ', 76, 23);
INSERT INTO punktujace values(1, 'bydg', 76, 8);
INSERT INTO punktujace values(2, 'bydg', 76, 6);
INSERT INTO punktujace values(3, 'bydg', 76, 6);
INSERT INTO punktujace values(5, 'bydg', 76, 4);
INSERT INTO punktujace values(7, 'bydg', 76, 1);
INSERT INTO punktujace values(10, 'bydg', 76, 9);
INSERT INTO punktujace values(14, 'bydg', 76, 2);
INSERT INTO punktujace values(2, 'pila', 77, 14);
INSERT INTO punktujace values(3, 'pila', 77, 8);
INSERT INTO punktujace values(4, 'pila', 77, 4);
INSERT INTO punktujace values(5, 'pila', 77, 11);
INSERT INTO punktujace values(8, 'pila', 77, 3);
INSERT INTO punktujace values(12, 'pila', 77, 18);
INSERT INTO punktujace values(1, 'mksdg', 77, 3);
INSERT INTO punktujace values(2, 'mksdg', 77, 3);
INSERT INTO punktujace values(5, 'mksdg', 77, 9);
INSERT INTO punktujace values(6, 'mksdg', 77, 10);
INSERT INTO punktujace values(7, 'mksdg', 77, 1);
INSERT INTO punktujace values(8, 'mksdg', 77, 4);
INSERT INTO punktujace values(9, 'mksdg', 77, 10);
INSERT INTO punktujace values(11, 'mksdg', 77, 2);
INSERT INTO punktujace values(13, 'mksdg', 77, 10);
INSERT INTO punktujace values(1, 'alubb', 78, 9);
INSERT INTO punktujace values(2, 'alubb', 78, 5);
INSERT INTO punktujace values(3, 'alubb', 78, 6);
INSERT INTO punktujace values(5, 'alubb', 78, 7);
INSERT INTO punktujace values(7, 'alubb', 78, 9);
INSERT INTO punktujace values(8, 'alubb', 78, 4);
INSERT INTO punktujace values(10, 'alubb', 78, 4);
INSERT INTO punktujace values(11, 'alubb', 78, 2);
INSERT INTO punktujace values(12, 'alubb', 78, 10);
INSERT INTO punktujace values(13, 'alubb', 78, 4);
INSERT INTO punktujace values(6, 'gward', 78, 12);
INSERT INTO punktujace values(9, 'gward', 78, 6);
INSERT INTO punktujace values(10, 'gward', 78, 3);
INSERT INTO punktujace values(15, 'gward', 78, 2);
INSERT INTO punktujace values(16, 'gward', 78, 8);
INSERT INTO punktujace values(1, 'musz', 79, 1);
INSERT INTO punktujace values(3, 'musz', 79, 2);
INSERT INTO punktujace values(4, 'musz', 79, 7);
INSERT INTO punktujace values(5, 'musz', 79, 1);
INSERT INTO punktujace values(6, 'musz', 79, 11);
INSERT INTO punktujace values(10, 'musz', 79, 6);
INSERT INTO punktujace values(11, 'musz', 79, 6);
INSERT INTO punktujace values(12, 'musz', 79, 13);
INSERT INTO punktujace values(16, 'musz', 79, 18);
INSERT INTO punktujace values(1, 'azsbi', 79, 1);
INSERT INTO punktujace values(3, 'azsbi', 79, 17);
INSERT INTO punktujace values(5, 'azsbi', 79, 10);
INSERT INTO punktujace values(7, 'azsbi', 79, 5);
INSERT INTO punktujace values(9, 'azsbi', 79, 9);
INSERT INTO punktujace values(10, 'azsbi', 79, 4);
INSERT INTO punktujace values(11, 'azsbi', 79, 1);
INSERT INTO punktujace values(17, 'azsbi', 79, 16);
INSERT INTO punktujace values(3, 'stal', 80, 9);
INSERT INTO punktujace values(4, 'stal', 80, 4);
INSERT INTO punktujace values(5, 'stal', 80, 12);
INSERT INTO punktujace values(8, 'stal', 80, 5);
INSERT INTO punktujace values(9, 'stal', 80, 8);
INSERT INTO punktujace values(10, 'stal', 80, 17);
INSERT INTO punktujace values(11, 'stal', 80, 10);
INSERT INTO punktujace values(16, 'stal', 80, 1);
INSERT INTO punktujace values(1, 'gedan', 80, 5);
INSERT INTO punktujace values(4, 'gedan', 80, 15);
INSERT INTO punktujace values(7, 'gedan', 80, 5);
INSERT INTO punktujace values(8, 'gedan', 80, 1);
INSERT INTO punktujace values(9, 'gedan', 80, 7);
INSERT INTO punktujace values(14, 'gedan', 80, 8);
INSERT INTO punktujace values(15, 'gedan', 80, 3);
INSERT INTO punktujace values(17, 'gedan', 80, 1);
INSERT INTO punktujace values(5, 'stal', 81, 17); 
INSERT INTO punktujace values(8, 'stal', 81, 2); 
INSERT INTO punktujace values(9, 'stal', 81, 9); 
INSERT INTO punktujace values(10, 'stal', 81, 11); 
INSERT INTO punktujace values(11, 'stal', 81, 12); 
INSERT INTO punktujace values(16, 'stal', 81, 6); 
INSERT INTO punktujace values(3, 'organ', 81, 8); 
INSERT INTO punktujace values(4, 'organ', 81, 3); 
INSERT INTO punktujace values(5, 'organ', 81, 5); 
INSERT INTO punktujace values(6, 'organ', 81, 1); 
INSERT INTO punktujace values(7, 'organ', 81, 7); 
INSERT INTO punktujace values(8, 'organ', 81, 5); 
INSERT INTO punktujace values(10, 'organ', 81, 7); 
INSERT INTO punktujace values(14, 'organ', 81, 2); 
INSERT INTO punktujace values(18, 'organ', 81, 10); 
INSERT INTO punktujace values(4, 'gedan', 82, 9); 
INSERT INTO punktujace values(5, 'gedan', 82, 5); 
INSERT INTO punktujace values(7, 'gedan', 82, 2); 
INSERT INTO punktujace values(8, 'gedan', 82, 4); 
INSERT INTO punktujace values(9, 'gedan', 82, 5); 
INSERT INTO punktujace values(14, 'gedan', 82, 11); 
INSERT INTO punktujace values(1, 'musz', 82, 4); 
INSERT INTO punktujace values(3, 'musz', 82, 6);
INSERT INTO punktujace values(4, 'musz', 82, 9);
INSERT INTO punktujace values(5, 'musz', 82, 4);
INSERT INTO punktujace values(6, 'musz', 82, 11);
INSERT INTO punktujace values(7, 'musz', 82, 7);
INSERT INTO punktujace values(10, 'musz', 82, 4);
INSERT INTO punktujace values(12, 'musz', 82, 6);
INSERT INTO punktujace values(16, 'musz', 82, 3);
INSERT INTO punktujace values(1, 'azsbi', 83, 1);
INSERT INTO punktujace values(3, 'azsbi', 83, 11);
INSERT INTO punktujace values(5, 'azsbi', 83, 8);
INSERT INTO punktujace values(7, 'azsbi', 83, 2);
INSERT INTO punktujace values(9, 'azsbi', 83, 4);
INSERT INTO punktujace values(10, 'azsbi', 83, 4);
INSERT INTO punktujace values(17, 'azsbi', 83, 12);
INSERT INTO punktujace values(1, 'alubb', 83, 19);
INSERT INTO punktujace values(3, 'alubb', 83, 5);
INSERT INTO punktujace values(5, 'alubb', 83, 7);
INSERT INTO punktujace values(6, 'alubb', 83, 1);
INSERT INTO punktujace values(7, 'alubb', 83, 7);
INSERT INTO punktujace values(8, 'alubb', 83, 4);
INSERT INTO punktujace values(10, 'alubb', 83, 3);
INSERT INTO punktujace values(11, 'alubb', 83, 1);
INSERT INTO punktujace values(12, 'alubb', 83, 6);
INSERT INTO punktujace values(13, 'alubb', 83, 4);
INSERT INTO punktujace values(6, 'gward', 84, 24);
INSERT INTO punktujace values(9, 'gward', 84, 6);
INSERT INTO punktujace values(10, 'gward', 84, 7);
INSERT INTO punktujace values(12, 'gward', 84, 3);
INSERT INTO punktujace values(13, 'gward', 84, 1);
INSERT INTO punktujace values(15, 'gward', 84, 12);
INSERT INTO punktujace values(16, 'gward', 84, 11);
INSERT INTO punktujace values(2, 'pila', 84, 8);
INSERT INTO punktujace values(3, 'pila', 84, 14);
INSERT INTO punktujace values(5, 'pila', 84, 18);
INSERT INTO punktujace values(8, 'pila', 84, 8);
INSERT INTO punktujace values(11, 'pila', 84, 1);
INSERT INTO punktujace values(12, 'pila', 84, 16);
INSERT INTO punktujace values(1, 'mksdg', 85, 1);
INSERT INTO punktujace values(3, 'mksdg', 85, 1);
INSERT INTO punktujace values(5, 'mksdg', 85, 10);
INSERT INTO punktujace values(6, 'mksdg', 85, 8);
INSERT INTO punktujace values(8, 'mksdg', 85, 8);
INSERT INTO punktujace values(9, 'mksdg', 85, 2);
INSERT INTO punktujace values(11, 'mksdg', 85, 1);
INSERT INTO punktujace values(13, 'mksdg', 85, 7);
INSERT INTO punktujace values(1, 'bydg', 85, 8);
INSERT INTO punktujace values(2, 'bydg', 85, 11);
INSERT INTO punktujace values(3, 'bydg', 85, 10);
INSERT INTO punktujace values(5, 'bydg', 85, 8);
INSERT INTO punktujace values(10, 'bydg', 85, 16);
INSERT INTO punktujace values(14, 'bydg', 85, 4);
INSERT INTO punktujace values(3, 'organ', 86, 18);
INSERT INTO punktujace values(4, 'organ', 86, 6);
INSERT INTO punktujace values(5, 'organ', 86, 6);
INSERT INTO punktujace values(7, 'organ', 86, 11);
INSERT INTO punktujace values(8, 'organ', 86, 5);
INSERT INTO punktujace values(10, 'organ', 86, 7);
INSERT INTO punktujace values(13, 'organ', 86, 1);
INSERT INTO punktujace values(14, 'organ', 86, 6);
INSERT INTO punktujace values(18, 'organ', 86, 18);
INSERT INTO punktujace values(1, 'mksdg', 86, 17);
INSERT INTO punktujace values(2, 'mksdg', 86, 2);
INSERT INTO punktujace values(3, 'mksdg', 86, 16);
INSERT INTO punktujace values(6, 'mksdg', 86, 11);
INSERT INTO punktujace values(7, 'mksdg', 86, 11);
INSERT INTO punktujace values(8, 'mksdg', 86, 3);
INSERT INTO punktujace values(11, 'mksdg', 86, 6);
INSERT INTO punktujace values(12, 'mksdg', 86, 1);
INSERT INTO punktujace values(13, 'mksdg', 86, 9);
INSERT INTO punktujace values(1, 'bydg', 87, 7);
INSERT INTO punktujace values(2, 'bydg', 87, 31);
INSERT INTO punktujace values(3, 'bydg', 87, 7);
INSERT INTO punktujace values(5, 'bydg', 87, 19);
INSERT INTO punktujace values(10, 'bydg', 87, 12);
INSERT INTO punktujace values(14, 'bydg', 87, 4);
INSERT INTO punktujace values(1, 'gward', 87, 1);
INSERT INTO punktujace values(6, 'gward', 87, 23);
INSERT INTO punktujace values(9, 'gward', 87, 9);
INSERT INTO punktujace values(10, 'gward', 87, 20);
INSERT INTO punktujace values(12, 'gward', 87, 3);
INSERT INTO punktujace values(15, 'gward', 87, 8);
INSERT INTO punktujace values(16, 'gward', 87, 14);
INSERT INTO punktujace values(1, 'pila', 88, 2);
INSERT INTO punktujace values(2, 'pila', 88, 7);
INSERT INTO punktujace values(3, 'pila', 88, 3);
INSERT INTO punktujace values(4, 'pila', 88, 1);
INSERT INTO punktujace values(5, 'pila', 88, 16);
INSERT INTO punktujace values(7, 'pila', 88, 3);
INSERT INTO punktujace values(8, 'pila', 88, 5);
INSERT INTO punktujace values(10, 'pila', 88, 4);
INSERT INTO punktujace values(11, 'pila', 88, 1);
INSERT INTO punktujace values(12, 'pila', 88, 16);
INSERT INTO punktujace values(1, 'azsbi', 88, 14);
INSERT INTO punktujace values(3, 'azsbi', 88, 1);
INSERT INTO punktujace values(5, 'azsbi', 88, 12);
INSERT INTO punktujace values(7, 'azsbi', 88, 3);
INSERT INTO punktujace values(9, 'azsbi', 88, 16);
INSERT INTO punktujace values(10, 'azsbi', 88, 14);
INSERT INTO punktujace values(17, 'azsbi', 88, 12);
INSERT INTO punktujace values(1, 'alubb', 89, 1);
INSERT INTO punktujace values(2, 'alubb', 89, 7);
INSERT INTO punktujace values(3, 'alubb', 89, 4);
INSERT INTO punktujace values(5, 'alubb', 89, 7);
INSERT INTO punktujace values(6, 'alubb', 89, 8);
INSERT INTO punktujace values(7, 'alubb', 89, 15);
INSERT INTO punktujace values(11, 'alubb', 89, 5);
INSERT INTO punktujace values(13, 'alubb', 89, 1);
INSERT INTO punktujace values(15, 'alubb', 89, 5);
INSERT INTO punktujace values(1, 'gedan', 89, 10);
INSERT INTO punktujace values(3, 'gedan', 89, 1);
INSERT INTO punktujace values(4, 'gedan', 89, 10);
INSERT INTO punktujace values(7, 'gedan', 89, 1);
INSERT INTO punktujace values(9, 'gedan', 89, 4);
INSERT INTO punktujace values(12, 'gedan', 89, 2);
INSERT INTO punktujace values(14, 'gedan', 89, 2);
INSERT INTO punktujace values(15, 'gedan', 89, 4);
INSERT INTO punktujace values(1, 'musz', 90, 2);
INSERT INTO punktujace values(3, 'musz', 90, 1);
INSERT INTO punktujace values(4, 'musz', 90, 7);
INSERT INTO punktujace values(5, 'musz', 90, 6);
INSERT INTO punktujace values(6, 'musz', 90, 15);
INSERT INTO punktujace values(7, 'musz', 90, 6);
INSERT INTO punktujace values(9, 'musz', 90, 1);
INSERT INTO punktujace values(10, 'musz', 90, 4);
INSERT INTO punktujace values(11, 'musz', 90, 1);
INSERT INTO punktujace values(12, 'musz', 90, 9);
INSERT INTO punktujace values(16, 'musz', 90, 4);
INSERT INTO punktujace values(3, 'stal', 90, 1);
INSERT INTO punktujace values(4, 'stal', 90, 4);
INSERT INTO punktujace values(5, 'stal', 90, 9);
INSERT INTO punktujace values(6, 'stal', 90, 6);
INSERT INTO punktujace values(8, 'stal', 90, 1);
INSERT INTO punktujace values(9, 'stal', 90, 8);
INSERT INTO punktujace values(10, 'stal', 90, 6);
INSERT INTO punktujace values(11, 'stal', 90, 3);
INSERT INTO punktujace values(16, 'stal', 90, 8);







commit;
